Frequency,S11,S21
0.8,(-49.1052643219727-38.0273406591679j),(-49.1052643219727-38.0273406591679j)
0.8017,(-48.7919874908237-28.6595467530436j),(-48.7919874908237-28.6595467530436j)
0.8034,(-48.4453147556052-20.602029610594j),(-48.4453147556052-20.602029610594j)
0.8051,(-48.1082707557502-15.3375616627678j),(-48.1082707557502-15.3375616627678j)
0.8068,(-47.8402351231521-11.6489959247623j),(-47.8402351231521-11.6489959247623j)
0.8085,(-47.6087407442128-9.89056532987973j),(-47.6087407442128-9.89056532987973j)
0.8102,(-47.4384561173154-10.4456994689929j),(-47.4384561173154-10.4456994689929j)
0.8119,(-47.2910754868444-12.8388353576005j),(-47.2910754868444-12.8388353576005j)
0.8136,(-47.1399006404139-12.9359045492765j),(-47.1399006404139-12.9359045492765j)
0.8153,(-47.088416358647-13.7812072234685j),(-47.088416358647-13.7812072234685j)
0.817,(-47.0490790809233-15.4132973879788j),(-47.0490790809233-15.4132973879788j)
0.8187,(-47.0406104013367-18.0142367697349j),(-47.0406104013367-18.0142367697349j)
0.8204,(-47.0569740370826-20.8133872567992j),(-47.0569740370826-20.8133872567992j)
0.8221,(-47.1876238705161-24.0935547372608j),(-47.1876238705161-24.0935547372608j)
0.8238,(-47.3083089229857-27.8313260493014j),(-47.3083089229857-27.8313260493014j)
0.8255,(-47.440791525886-31.3201939974696j),(-47.440791525886-31.3201939974696j)
0.8272,(-47.6037839827828-34.939898215773j),(-47.6037839827828-34.939898215773j)
0.8289,(-47.6716351560399-38.1321715091732j),(-47.6716351560399-38.1321715091732j)
0.8306,(-47.5045911817573-41.0396703374163j),(-47.5045911817573-41.0396703374163j)
0.8323,(-47.1346164774385-43.2673784610907j),(-47.1346164774385-43.2673784610907j)
0.834,(-46.7068836478973-44.7626012062469j),(-46.7068836478973-44.7626012062469j)
0.8357,(-46.2404254004741-45.6071542786815j),(-46.2404254004741-45.6071542786815j)
0.8374,(-45.8946606242404-45.9499803414981j),(-45.8946606242404-45.9499803414981j)
0.8391,(-45.7911115443059-40.0940530526288j),(-45.7911115443059-40.0940530526288j)
0.8408,(-45.6001161873934-34.2111088416044j),(-45.6001161873934-34.2111088416044j)
0.8425,(-45.3621015119616-28.727837371723j),(-45.3621015119616-28.727837371723j)
0.8442,(-45.0795786057326-23.1759304477804j),(-45.0795786057326-23.1759304477804j)
0.8459,(-44.7729597792435-18.0138324926616j),(-44.7729597792435-18.0138324926616j)
0.8476,(-44.3944577046887-12.8172467844358j),(-44.3944577046887-12.8172467844358j)
0.8493,(-43.998298473-7.73780269398866j),(-43.998298473-7.73780269398866j)
0.851,(-43.6158030192818-3.03476056457237j),(-43.6158030192818-3.03476056457237j)
0.8527,(-43.2273724248054+1.40188993057266j),(-43.2273724248054+1.40188993057266j)
0.8544,(-42.9886081625312+5.00739325649771j),(-42.9886081625312+5.00739325649771j)
0.8561,(-43.0125460466873+8.42908128778414j),(-43.0125460466873+8.42908128778414j)
0.8578,(-43.1937158295343+11.3457031261381j),(-43.1937158295343+11.3457031261381j)
0.8595,(-43.4291971464365+13.7825221439128j),(-43.4291971464365+13.7825221439128j)
0.8612,(-43.6695106902837+15.9011705937678j),(-43.6695106902837+15.9011705937678j)
0.8629,(-43.7913618697469+17.7655737105143j),(-43.7913618697469+17.7655737105143j)
0.8646,(-43.7003858958146+13.7455655565134j),(-43.7003858958146+13.7455655565134j)
0.8663,(-43.6919732403735+9.79563282044231j),(-43.6919732403735+9.79563282044231j)
0.868,(-43.7509111968288+6.22351237005702j),(-43.7509111968288+6.22351237005702j)
0.8697,(-43.8770353213135+3.37456560414395j),(-43.8770353213135+3.37456560414395j)
0.8714,(-44.0661578744994+0.820505592946501j),(-44.0661578744994+0.820505592946501j)
0.8731,(-44.3585685589946-1.08512855717603j),(-44.3585685589946-1.08512855717603j)
0.8748,(-44.3678327172247-2.14951457378376j),(-44.3678327172247-2.14951457378376j)
0.8765,(-44.2194939431565-3.24354396401002j),(-44.2194939431565-3.24354396401002j)
0.8782,(-44.0216473360553-4.00810931679742j),(-44.0216473360553-4.00810931679742j)
0.8799,(-43.7409637862478-4.18804241504269j),(-43.7409637862478-4.18804241504269j)
0.8816,(-43.4024451054141-4.22800399940667j),(-43.4024451054141-4.22800399940667j)
0.8833,(-43.016625795109-4.2313181134742j),(-43.016625795109-4.2313181134742j)
0.885,(-42.5601625518897-4.07547101318266j),(-42.5601625518897-4.07547101318266j)
0.8867,(-42.0641909232015-3.85632867105572j),(-42.0641909232015-3.85632867105572j)
0.8884,(-41.5239323083142-3.67147879671559j),(-41.5239323083142-3.67147879671559j)
0.8901,(-40.9605800171379-3.39799804163047j),(-40.9605800171379-3.39799804163047j)
0.8918,(-40.3699776896078-3.24586280007255j),(-40.3699776896078-3.24586280007255j)
0.8935,(-39.7482722893267-3.22367491281852j),(-39.7482722893267-3.22367491281852j)
0.8952,(-39.111205950306-3.81049036365968j),(-39.111205950306-3.81049036365968j)
0.8969,(-38.4865034362024-4.53751489708793j),(-38.4865034362024-4.53751489708793j)
0.8986,(-37.8509437202604-5.83914127691419j),(-37.8509437202604-5.83914127691419j)
0.9003,(-37.5915101093491-8.07210103441213j),(-37.5915101093491-8.07210103441213j)
0.902,(-37.6434410793682-10.345046459771j),(-37.6434410793682-10.345046459771j)
0.9037,(-37.8799787015917-13.0271075466814j),(-37.8799787015917-13.0271075466814j)
0.9054,(-38.30519720346-16.3331619562488j),(-38.30519720346-16.3331619562488j)
0.9071,(-38.8378353990366-20.1049479600104j),(-38.8378353990366-20.1049479600104j)
0.9088,(-39.5002865119561-24.202802907663j),(-39.5002865119561-24.202802907663j)
0.9105,(-40.2381972287504-27.2186848093069j),(-40.2381972287504-27.2186848093069j)
0.9122,(-40.989983463098-29.690177544593j),(-40.989983463098-29.690177544593j)
0.9139,(-41.735836495608-30.7984692588228j),(-41.735836495608-30.7984692588228j)
0.9156,(-42.411933589879-31.1597340105509j),(-42.411933589879-31.1597340105509j)
0.9173,(-42.9973332767515-30.7997272314298j),(-42.9973332767515-30.7997272314298j)
0.919,(-43.5167597027882-29.8976840755105j),(-43.5167597027882-29.8976840755105j)
0.9207,(-43.9582117003371-28.4855092566588j),(-43.9582117003371-28.4855092566588j)
0.9224,(-44.3062683201847-26.6260676598135j),(-44.3062683201847-26.6260676598135j)
0.9241,(-44.5439187767551-24.4823349102774j),(-44.5439187767551-24.4823349102774j)
0.9258,(-44.6943584468104-20.9834599647073j),(-44.6943584468104-20.9834599647073j)
0.9275,(-44.6605033513185-16.1453250154077j),(-44.6605033513185-16.1453250154077j)
0.9292,(-44.4053262575401-10.4450038787756j),(-44.4053262575401-10.4450038787756j)
0.9309,(-43.9608720836583-3.76138501039578j),(-43.9608720836583-3.76138501039578j)
0.9326,(-43.3818574908843+3.79094931542655j),(-43.3818574908843+3.79094931542655j)
0.9343,(-42.6835532969529+11.949962632499j),(-42.6835532969529+11.949962632499j)
0.936,(-41.9494649726549+19.2796027790945j),(-41.9494649726549+19.2796027790945j)
0.9377,(-41.2743156217927+26.0655351496681j),(-41.2743156217927+26.0655351496681j)
0.9394,(-40.6785586433072+31.3094485866777j),(-40.6785586433072+31.3094485866777j)
0.9411,(-40.2111858662128+35.3135659092968j),(-40.2111858662128+35.3135659092968j)
0.9428,(-39.9005927321261+37.7825670722699j),(-39.9005927321261+37.7825670722699j)
0.9445,(-39.5719706387598+37.858312167745j),(-39.5719706387598+37.858312167745j)
0.9462,(-39.4304960008224+37.5130668716769j),(-39.4304960008224+37.5130668716769j)
0.9479,(-39.5516338995628+37.0705318638468j),(-39.5516338995628+37.0705318638468j)
0.9496,(-39.7901660941509+36.5688257726503j),(-39.7901660941509+36.5688257726503j)
0.9513,(-40.0328022056234+35.3605248895119j),(-40.0328022056234+35.3605248895119j)
0.953,(-40.3146172794358+33.0367648898075j),(-40.3146172794358+33.0367648898075j)
0.9547,(-40.6628707958749+30.1945213965356j),(-40.6628707958749+30.1945213965356j)
0.9564,(-41.0681979269343+26.809307292067j),(-41.0681979269343+26.809307292067j)
0.9581,(-41.5218062295993+22.9933575840182j),(-41.5218062295993+22.9933575840182j)
0.9598,(-41.9937656290641+19.1684699716107j),(-41.9937656290641+19.1684699716107j)
0.9615,(-42.4433304464937+14.8388466642474j),(-42.4433304464937+14.8388466642474j)
0.9632,(-42.8396685571823+10.6523936671429j),(-42.8396685571823+10.6523936671429j)
0.9649,(-43.1632976155486+6.51343995783952j),(-43.1632976155486+6.51343995783952j)
0.9666,(-43.3921785052787+2.78109160915273j),(-43.3921785052787+2.78109160915273j)
0.9683,(-43.5688549796085+0.026611940613187j),(-43.5688549796085+0.026611940613187j)
0.97,(-43.8121318438154-1.01245922374122j),(-43.8121318438154-1.01245922374122j)
0.9717,(-43.9154686498892-2.18114725313579j),(-43.9154686498892-2.18114725313579j)
0.9734,(-43.8261975837763-3.69337707880761j),(-43.8261975837763-3.69337707880761j)
0.9751,(-43.6902319896286-5.80848811295064j),(-43.6902319896286-5.80848811295064j)
0.9768,(-43.5939090070978-8.18596162115191j),(-43.5939090070978-8.18596162115191j)
0.9785,(-43.512113703057-10.9038688638015j),(-43.512113703057-10.9038688638015j)
0.9802,(-43.4256080031021-13.892942896476j),(-43.4256080031021-13.892942896476j)
0.9819,(-43.3740162318684-16.811611593318j),(-43.3740162318684-16.811611593318j)
0.9836,(-43.3129810628751-19.5312603454094j),(-43.3129810628751-19.5312603454094j)
0.9853,(-43.2643782841559-22.334085087135j),(-43.2643782841559-22.334085087135j)
0.987,(-43.218938430081-24.6512455771192j),(-43.218938430081-24.6512455771192j)
0.9887,(-43.1819476347823-27.0006972758297j),(-43.1819476347823-27.0006972758297j)
0.9904,(-43.1754292684855-29.0295124880709j),(-43.1754292684855-29.0295124880709j)
0.9921,(-43.1930533469119-30.8519591053206j),(-43.1930533469119-30.8519591053206j)
0.9938,(-43.2079255358661-32.6257362040861j),(-43.2079255358661-32.6257362040861j)
0.9955,(-43.2130731203614-34.1507485933862j),(-43.2130731203614-34.1507485933862j)
0.9972,(-43.1851580080767-35.4666627625975j),(-43.1851580080767-35.4666627625975j)
0.9989,(-43.0882533783069-36.7004559392627j),(-43.0882533783069-36.7004559392627j)
1.0006,(-42.9453554661531-37.5181188836537j),(-42.9453554661531-37.5181188836537j)
1.0023,(-42.7401811039933-38.5622735034097j),(-42.7401811039933-38.5622735034097j)
1.004,(-42.5343510084272-39.3204792266978j),(-42.5343510084272-39.3204792266978j)
1.0057,(-42.3461112082231-40.0001670918222j),(-42.3461112082231-40.0001670918222j)
1.0074,(-42.1088075276491-40.6159876908903j),(-42.1088075276491-40.6159876908903j)
1.0091,(-41.8956010158059-41.3387737722529j),(-41.8956010158059-41.3387737722529j)
1.0108,(-41.6653288185026-42.3113766596398j),(-41.6653288185026-42.3113766596398j)
1.0125,(-41.4795208308657-43.4768512707721j),(-41.4795208308657-43.4768512707721j)
1.0142,(-41.3045219169271-44.7237573948854j),(-41.3045219169271-44.7237573948854j)
1.0159,(-41.1856214428416-45.9681595589135j),(-41.1856214428416-45.9681595589135j)
1.0176,(-41.2247225361481-47.0649067752348j),(-41.2247225361481-47.0649067752348j)
1.0193,(-41.4291069059592-46.678083395768j),(-41.4291069059592-46.678083395768j)
1.021,(-41.7497845981055-44.2834079633299j),(-41.7497845981055-44.2834079633299j)
1.0227,(-42.0890425787159-41.2841916594636j),(-42.0890425787159-41.2841916594636j)
1.0244,(-42.4933801017643-37.7295282533527j),(-42.4933801017643-37.7295282533527j)
1.0261,(-42.8949313583259-33.462456397514j),(-42.8949313583259-33.462456397514j)
1.0278,(-43.2778317522423-28.622976968396j),(-43.2778317522423-28.622976968396j)
1.0295,(-43.649674051784-23.7118513382422j),(-43.649674051784-23.7118513382422j)
1.0312,(-43.9935797985648-18.7185488750405j),(-43.9935797985648-18.7185488750405j)
1.0329,(-44.3228749380622-13.7947539470163j),(-44.3228749380622-13.7947539470163j)
1.0346,(-44.6370731706824-9.12189869975977j),(-44.6370731706824-9.12189869975977j)
1.0363,(-44.9202654573201-4.54183671365647j),(-44.9202654573201-4.54183671365647j)
1.038,(-45.1737846866186-0.326351619098377j),(-45.1737846866186-0.326351619098377j)
1.0397,(-45.377771344035+3.67008131822662j),(-45.377771344035+3.67008131822662j)
1.0414,(-45.5034633279446+7.2577534201962j),(-45.5034633279446+7.2577534201962j)
1.0431,(-45.4652956007502+10.2267718187966j),(-45.4652956007502+10.2267718187966j)
1.0448,(-45.0673494141482+12.2411315443163j),(-45.0673494141482+12.2411315443163j)
1.0465,(-44.1163404016004+13.1628067150471j),(-44.1163404016004+13.1628067150471j)
1.0482,(-43.046454557791+13.7483147891162j),(-43.046454557791+13.7483147891162j)
1.0499,(-42.0220331980854+13.9316137246776j),(-42.0220331980854+13.9316137246776j)
1.0516,(-41.3187110878696+12.6174018556054j),(-41.3187110878696+12.6174018556054j)
1.0533,(-40.9765381367715+6.759318477839j),(-40.9765381367715+6.759318477839j)
1.055,(-40.9514277135431+2.04268325210252j),(-40.9514277135431+2.04268325210252j)
1.0567,(-41.0115455711713-3.09997058647371j),(-41.0115455711713-3.09997058647371j)
1.0584,(-41.1588520177123-8.30367970137069j),(-41.1588520177123-8.30367970137069j)
1.0601,(-41.3156339369474-13.515831439591j),(-41.3156339369474-13.515831439591j)
1.0618,(-41.5541749257514-18.7557949982917j),(-41.5541749257514-18.7557949982917j)
1.0635,(-41.8477995826528-23.5159368629775j),(-41.8477995826528-23.5159368629775j)
1.0652,(-42.2826684189785-28.2214381957054j),(-42.2826684189785-28.2214381957054j)
1.0669,(-42.739614750143-32.6000203227683j),(-42.739614750143-32.6000203227683j)
1.0686,(-43.3192959820838-36.7763832335226j),(-43.3192959820838-36.7763832335226j)
1.0703,(-44.2803429268913-46.9042433814244j),(-44.2803429268913-46.9042433814244j)
1.072,(-45.2804897482829-59.7079238863888j),(-45.2804897482829-59.7079238863888j)
1.0737,(-46.1668557702667-73.2859341512516j),(-46.1668557702667-73.2859341512516j)
1.0754,(-46.9009864110694-87.0751178388501j),(-46.9009864110694-87.0751178388501j)
1.0771,(-47.3005157912535-99.8046837545626j),(-47.3005157912535-99.8046837545626j)
1.0788,(-47.3540930422143-108.253170126456j),(-47.3540930422143-108.253170126456j)
1.0805,(-47.1443030008826-117.74984253715j),(-47.1443030008826-117.74984253715j)
1.0822,(-46.9339117984091-126.428689010294j),(-46.9339117984091-126.428689010294j)
1.0839,(-46.7832787568949-134.728775932354j),(-46.7832787568949-134.728775932354j)
1.0856,(-46.8062211815365-141.941943479458j),(-46.8062211815365-141.941943479458j)
1.0873,(-47.0785487892032-146.675334680868j),(-47.0785487892032-146.675334680868j)
1.089,(-47.285466399902-147.762639749416j),(-47.285466399902-147.762639749416j)
1.0907,(-46.9364549964531-145.745012362402j),(-46.9364549964531-145.745012362402j)
1.0924,(-46.2814685229854-143.150442902505j),(-46.2814685229854-143.150442902505j)
1.0941,(-45.558575881254-140.164718068962j),(-45.558575881254-140.164718068962j)
1.0958,(-44.6965806060042-131.702188993998j),(-44.6965806060042-131.702188993998j)
1.0975,(-44.2771894157661-121.27584769352j),(-44.2771894157661-121.27584769352j)
1.0992,(-44.1546394172981-110.058699414841j),(-44.1546394172981-110.058699414841j)
1.1009,(-44.1411369290966-98.4725564881816j),(-44.1411369290966-98.4725564881816j)
1.1026,(-44.2523443123482-87.0795904474987j),(-44.2523443123482-87.0795904474987j)
1.1043,(-44.4054977007835-75.6765859396806j),(-44.4054977007835-75.6765859396806j)
1.106,(-44.5423698691688-64.545440001599j),(-44.5423698691688-64.545440001599j)
1.1077,(-44.6628646797295-53.4714985232767j),(-44.6628646797295-53.4714985232767j)
1.1094,(-44.7024720387643-42.9854621375793j),(-44.7024720387643-42.9854621375793j)
1.1111,(-44.548135521976-33.4743317054717j),(-44.548135521976-33.4743317054717j)
1.1128,(-44.0893850869242-26.1685761323418j),(-44.0893850869242-26.1685761323418j)
1.1145,(-43.6008349862866-22.8800046996755j),(-43.6008349862866-22.8800046996755j)
1.1162,(-43.5614876154207-22.8329458783129j),(-43.5614876154207-22.8329458783129j)
1.1179,(-43.4359791409937-26.3304370072356j),(-43.4359791409937-26.3304370072356j)
1.1196,(-42.9862842351329-30.5627791202394j),(-42.9862842351329-30.5627791202394j)
1.1213,(-42.3898248031839-34.7449360501484j),(-42.3898248031839-34.7449360501484j)
1.123,(-41.8668430290996-38.5501802869228j),(-41.8668430290996-38.5501802869228j)
1.1247,(-41.5805446567325-41.0642403129548j),(-41.5805446567325-41.0642403129548j)
1.1264,(-41.418138011631-40.0491579140899j),(-41.418138011631-40.0491579140899j)
1.1281,(-41.1441732648778-39.1887172746928j),(-41.1441732648778-39.1887172746928j)
1.1298,(-40.855054477262-38.4534242173832j),(-40.855054477262-38.4534242173832j)
1.1315,(-40.5424802265076-37.758496159681j),(-40.5424802265076-37.758496159681j)
1.1332,(-40.1723502237527-37.4375464149274j),(-40.1723502237527-37.4375464149274j)
1.1349,(-39.7404263951851-36.9942275321672j),(-39.7404263951851-36.9942275321672j)
1.1366,(-39.3055324807703-36.4860479558907j),(-39.3055324807703-36.4860479558907j)
1.1383,(-38.8552744595956-36.0536562135208j),(-38.8552744595956-36.0536562135208j)
1.14,(-38.4333737844734-35.5267746301094j),(-38.4333737844734-35.5267746301094j)
1.1417,(-37.9727956697754-34.6100536956237j),(-37.9727956697754-34.6100536956237j)
1.1434,(-37.8775907837261-30.4717326294895j),(-37.8775907837261-30.4717326294895j)
1.1451,(-38.0604930122662-25.6705085456859j),(-38.0604930122662-25.6705085456859j)
1.1468,(-38.3149538611063-20.9473766893692j),(-38.3149538611063-20.9473766893692j)
1.1485,(-38.46936060528-16.739108606379j),(-38.46936060528-16.739108606379j)
1.1502,(-38.3572929436902-14.2040672983465j),(-38.3572929436902-14.2040672983465j)
1.1519,(-38.1235341553853-15.3551566644227j),(-38.1235341553853-15.3551566644227j)
1.1536,(-37.9526456004048-16.414296658433j),(-37.9526456004048-16.414296658433j)
1.1553,(-37.8554131410023-17.4444190819992j),(-37.8554131410023-17.4444190819992j)
1.157,(-37.8075992103329-18.458235511267j),(-37.8075992103329-18.458235511267j)
1.1587,(-37.8345342784434-19.5207925417631j),(-37.8345342784434-19.5207925417631j)
1.1604,(-37.9679706496535-20.7478683887673j),(-37.9679706496535-20.7478683887673j)
1.1621,(-38.1918230213721-22.0762885042352j),(-38.1918230213721-22.0762885042352j)
1.1638,(-38.739118140277-23.2520378680188j),(-38.739118140277-23.2520378680188j)
1.1655,(-39.4315164883984-23.6287593787809j),(-39.4315164883984-23.6287593787809j)
1.1672,(-40.1135878782586-23.8056782655216j),(-40.1135878782586-23.8056782655216j)
1.1689,(-40.7683753544698-23.5664996454691j),(-40.7683753544698-23.5664996454691j)
1.1706,(-41.3715563725082-23.2181573645315j),(-41.3715563725082-23.2181573645315j)
1.1723,(-41.9498164086173-23.1381003028281j),(-41.9498164086173-23.1381003028281j)
1.174,(-42.4909868699608-22.9248270845516j),(-42.4909868699608-22.9248270845516j)
1.1757,(-42.9644965429017-22.4816435579683j),(-42.9644965429017-22.4816435579683j)
1.1774,(-43.3860777065915-22.0618567946464j),(-43.3860777065915-22.0618567946464j)
1.1791,(-43.7556120287241-21.6180976490561j),(-43.7556120287241-21.6180976490561j)
1.1808,(-44.025466994946-21.3990574395181j),(-44.025466994946-21.3990574395181j)
1.1825,(-44.2083010945062-21.0572064087504j),(-44.2083010945062-21.0572064087504j)
1.1842,(-44.2959213772493-20.8510097814587j),(-44.2959213772493-20.8510097814587j)
1.1859,(-44.2521808639779-20.3256382781989j),(-44.2521808639779-20.3256382781989j)
1.1876,(-44.0920721041757-19.7493326223966j),(-44.0920721041757-19.7493326223966j)
1.1893,(-43.6065279159919-19.5342673454368j),(-43.6065279159919-19.5342673454368j)
1.191,(-42.977443707335-20.308229882701j),(-42.977443707335-20.308229882701j)
1.1927,(-42.3614304746764-21.7258415700412j),(-42.3614304746764-21.7258415700412j)
1.1944,(-41.7848283885435-23.8626628913605j),(-41.7848283885435-23.8626628913605j)
1.1961,(-41.2597383826479-26.3821606946886j),(-41.2597383826479-26.3821606946886j)
1.1978,(-40.758991785792-28.8821393141176j),(-40.758991785792-28.8821393141176j)
1.1995,(-40.2998621476239-31.6172334518745j),(-40.2998621476239-31.6172334518745j)
1.2012,(-39.943058836162-34.4416781584906j),(-39.943058836162-34.4416781584906j)
1.2029,(-39.7005612798421-37.3298700620082j),(-39.7005612798421-37.3298700620082j)
1.2046,(-39.5303453701919-40.0733213926085j),(-39.5303453701919-40.0733213926085j)
1.2063,(-39.4634291946801-42.5296759175289j),(-39.4634291946801-42.5296759175289j)
1.208,(-39.5108829302751-44.9762836312433j),(-39.5108829302751-44.9762836312433j)
1.2097,(-39.6894620348546-47.0334262629988j),(-39.6894620348546-47.0334262629988j)
1.2114,(-39.9802633790882-49.0167309925501j),(-39.9802633790882-49.0167309925501j)
1.2131,(-40.3418850870374-51.1429740801741j),(-40.3418850870374-51.1429740801741j)
1.2148,(-40.6475196269807-53.3477591685726j),(-40.6475196269807-53.3477591685726j)
1.2165,(-40.8983173326173-55.3809206689308j),(-40.8983173326173-55.3809206689308j)
1.2182,(-41.1271827780018-57.2113866556773j),(-41.1271827780018-57.2113866556773j)
1.2199,(-41.3219346689748-58.9167281613752j),(-41.3219346689748-58.9167281613752j)
1.2216,(-41.5283936121901-60.2027544358137j),(-41.5283936121901-60.2027544358137j)
1.2233,(-41.7401614224778-61.226895072795j),(-41.7401614224778-61.226895072795j)
1.225,(-41.9658643737305-61.8474318291642j),(-41.9658643737305-61.8474318291642j)
1.2267,(-42.176353767948-62.2016083600663j),(-42.176353767948-62.2016083600663j)
1.2284,(-42.3496870502707-62.465515759815j),(-42.3496870502707-62.465515759815j)
1.2301,(-42.5424239525402-62.4724847018393j),(-42.5424239525402-62.4724847018393j)
1.2318,(-42.7490199843336-62.2016555683965j),(-42.7490199843336-62.2016555683965j)
1.2335,(-42.9326163830032-61.7684239096824j),(-42.9326163830032-61.7684239096824j)
1.2352,(-43.1230946730777-61.2035743840048j),(-43.1230946730777-61.2035743840048j)
1.2369,(-43.0609356927622-60.3437662469245j),(-43.0609356927622-60.3437662469245j)
1.2386,(-42.8589679970312-59.0385663885956j),(-42.8589679970312-59.0385663885956j)
1.2403,(-42.7628360357514-57.1282466456463j),(-42.7628360357514-57.1282466456463j)
1.242,(-42.7292768120368-54.8707783178891j),(-42.7292768120368-54.8707783178891j)
1.2437,(-42.7390770477217-52.292266802992j),(-42.7390770477217-52.292266802992j)
1.2454,(-42.7637600354343-49.4256613942026j),(-42.7637600354343-49.4256613942026j)
1.2471,(-42.7830684130857-46.5681960026522j),(-42.7830684130857-46.5681960026522j)
1.2488,(-42.794339862168-43.797143810742j),(-42.794339862168-43.797143810742j)
1.2505,(-42.7668928336696-41.3145071419676j),(-42.7668928336696-41.3145071419676j)
1.2522,(-42.68187732902-39.031537894622j),(-42.68187732902-39.031537894622j)
1.2539,(-42.5620019598567-36.7296952398367j),(-42.5620019598567-36.7296952398367j)
1.2556,(-42.3587003946348-34.6812375422731j),(-42.3587003946348-34.6812375422731j)
1.2573,(-42.0746953629009-33.0501202311205j),(-42.0746953629009-33.0501202311205j)
1.259,(-41.733339587154-31.6739296981665j),(-41.733339587154-31.6739296981665j)
1.2607,(-41.2854821795792-30.6084432812788j),(-41.2854821795792-30.6084432812788j)
1.2624,(-41.0423440833418-30.2991378556829j),(-41.0423440833418-30.2991378556829j)
1.2641,(-40.9205339828576-30.6333392119296j),(-40.9205339828576-30.6333392119296j)
1.2658,(-40.7766089027367-31.656123440255j),(-40.7766089027367-31.656123440255j)
1.2675,(-40.6465626020485-33.3357138045419j),(-40.6465626020485-33.3357138045419j)
1.2692,(-40.5147343069052-35.678142630885j),(-40.5147343069052-35.678142630885j)
1.2709,(-40.4068221510845-38.616377544539j),(-40.4068221510845-38.616377544539j)
1.2726,(-40.3136116362989-42.1182684522126j),(-40.3136116362989-42.1182684522126j)
1.2743,(-40.2355853766342-45.414472803545j),(-40.2355853766342-45.414472803545j)
1.276,(-40.2149701941815-48.4779038558212j),(-40.2149701941815-48.4779038558212j)
1.2777,(-40.2331129695003-51.4863856118938j),(-40.2331129695003-51.4863856118938j)
1.2794,(-40.2441593616027-54.2939125633456j),(-40.2441593616027-54.2939125633456j)
1.2811,(-40.2919268035949-56.9704575508111j),(-40.2919268035949-56.9704575508111j)
1.2828,(-40.3486566803519-59.3206169128095j),(-40.3486566803519-59.3206169128095j)
1.2845,(-40.4034962015738-61.600271646691j),(-40.4034962015738-61.600271646691j)
1.2862,(-40.3152116178511-64.1923403628498j),(-40.3152116178511-64.1923403628498j)
1.2879,(-40.1478120053738-66.4442142996253j),(-40.1478120053738-66.4442142996253j)
1.2896,(-39.883176035077-68.5185541784313j),(-39.883176035077-68.5185541784313j)
1.2913,(-39.5703322558173-70.2328447347221j),(-39.5703322558173-70.2328447347221j)
1.293,(-39.2306591726001-71.5835938243988j),(-39.2306591726001-71.5835938243988j)
1.2947,(-38.8838124183996-72.5365979324984j),(-38.8838124183996-72.5365979324984j)
1.2964,(-38.5460457136179-73.1733758095033j),(-38.5460457136179-73.1733758095033j)
1.2981,(-38.2157941923133-73.4571846831395j),(-38.2157941923133-73.4571846831395j)
1.2998,(-37.9167820633581-73.9117086325417j),(-37.9167820633581-73.9117086325417j)
1.3015,(-37.6272609091018-74.4545261680673j),(-37.6272609091018-74.4545261680673j)
1.3032,(-37.3772430592574-74.8264123683324j),(-37.3772430592574-74.8264123683324j)
1.3049,(-37.191814499577-75.0711502820272j),(-37.191814499577-75.0711502820272j)
1.3066,(-37.0367795878522-74.8632273963771j),(-37.0367795878522-74.8632273963771j)
1.3083,(-36.9081309861737-74.1038217982234j),(-36.9081309861737-74.1038217982234j)
1.31,(-36.8510026326566-73.5418411078839j),(-36.8510026326566-73.5418411078839j)
1.3117,(-36.9872133881496-72.9414049652514j),(-36.9872133881496-72.9414049652514j)
1.3134,(-37.2168762159339-72.4913049402132j),(-37.2168762159339-72.4913049402132j)
1.3151,(-37.5897303708467-71.9460178097061j),(-37.5897303708467-71.9460178097061j)
1.3168,(-38.0609581352958-71.4228474271253j),(-38.0609581352958-71.4228474271253j)
1.3185,(-38.5937710720911-70.8636959678116j),(-38.5937710720911-70.8636959678116j)
1.3202,(-39.1709075550704-70.0216479175258j),(-39.1709075550704-70.0216479175258j)
1.3219,(-39.8138171978302-69.2301545891905j),(-39.8138171978302-69.2301545891905j)
1.3236,(-40.4662123026522-68.0188495934974j),(-40.4662123026522-68.0188495934974j)
1.3253,(-41.1186943816793-66.3886450388117j),(-41.1186943816793-66.3886450388117j)
1.327,(-41.6645835347699-64.3025390389209j),(-41.6645835347699-64.3025390389209j)
1.3287,(-42.138070528848-62.104329725665j),(-42.138070528848-62.104329725665j)
1.3304,(-42.4619606037983-59.5935703213318j),(-42.4619606037983-59.5935703213318j)
1.3321,(-42.6725295104623-57.5167370768193j),(-42.6725295104623-57.5167370768193j)
1.3338,(-42.7909226591865-56.8305539480202j),(-42.7909226591865-56.8305539480202j)
1.3355,(-42.7879249797745-56.299948130979j),(-42.7879249797745-56.299948130979j)
1.3372,(-42.6739560616575-55.8567767897499j),(-42.6739560616575-55.8567767897499j)
1.3389,(-42.4892480667889-55.5579728930421j),(-42.4892480667889-55.5579728930421j)
1.3406,(-42.1980450356348-55.3041061255019j),(-42.1980450356348-55.3041061255019j)
1.3423,(-41.8779369517467-54.8873402415782j),(-41.8779369517467-54.8873402415782j)
1.344,(-41.5529393283123-54.3349292702606j),(-41.5529393283123-54.3349292702606j)
1.3457,(-41.2211299761553-53.7917757327575j),(-41.2211299761553-53.7917757327575j)
1.3474,(-40.8496522814147-53.0527530600388j),(-40.8496522814147-53.0527530600388j)
1.3491,(-40.4880511093192-52.4727888879834j),(-40.4880511093192-52.4727888879834j)
1.3508,(-40.1015706354883-52.1407841347416j),(-40.1015706354883-52.1407841347416j)
1.3525,(-39.8040679522273-52.2031499588886j),(-39.8040679522273-52.2031499588886j)
1.3542,(-39.5440764966053-52.4550929379481j),(-39.5440764966053-52.4550929379481j)
1.3559,(-39.4000199356119-53.1944726994335j),(-39.4000199356119-53.1944726994335j)
1.3576,(-39.1205021884393-55.1598057868406j),(-39.1205021884393-55.1598057868406j)
1.3593,(-38.730298659929-57.3247092969677j),(-38.730298659929-57.3247092969677j)
1.361,(-38.2823912209879-59.4301307206436j),(-38.2823912209879-59.4301307206436j)
1.3627,(-37.8468444689111-61.3610205233609j),(-37.8468444689111-61.3610205233609j)
1.3644,(-37.4229064853096-62.9849027885863j),(-37.4229064853096-62.9849027885863j)
1.3661,(-37.0393286048181-64.3755941406159j),(-37.0393286048181-64.3755941406159j)
1.3678,(-36.6557572375902-65.8053438552077j),(-36.6557572375902-65.8053438552077j)
1.3695,(-36.2937789905228-67.2722712786179j),(-36.2937789905228-67.2722712786179j)
1.3712,(-36.0220153780487-68.7971805506298j),(-36.0220153780487-68.7971805506298j)
1.3729,(-35.8833222420816-70.2801165445512j),(-35.8833222420816-70.2801165445512j)
1.3746,(-36.0027594533031-71.6814224956024j),(-36.0027594533031-71.6814224956024j)
1.3763,(-36.1284763618016-71.4920634438831j),(-36.1284763618016-71.4920634438831j)
1.378,(-36.100483543787-71.8259688031237j),(-36.100483543787-71.8259688031237j)
1.3797,(-35.9901579733064-72.4766755878722j),(-35.9901579733064-72.4766755878722j)
1.3814,(-35.8190098893712-73.2995953807525j),(-35.8190098893712-73.2995953807525j)
1.3831,(-35.8667121655607-72.840569495921j),(-35.8667121655607-72.840569495921j)
1.3848,(-36.1195107630459-71.4539761494717j),(-36.1195107630459-71.4539761494717j)
1.3865,(-36.5023460327765-69.4159733098911j),(-36.5023460327765-69.4159733098911j)
1.3882,(-36.965338332359-66.9850074251356j),(-36.965338332359-66.9850074251356j)
1.3899,(-37.4584288950305-64.251274558203j),(-37.4584288950305-64.251274558203j)
1.3916,(-37.9566352134372-61.277409348426j),(-37.9566352134372-61.277409348426j)
1.3933,(-38.4225492636516-58.0227652144285j),(-38.4225492636516-58.0227652144285j)
1.395,(-38.8299967818673-54.6379967727829j),(-38.8299967818673-54.6379967727829j)
1.3967,(-39.1167917213726-51.1360943675477j),(-39.1167917213726-51.1360943675477j)
1.3984,(-39.2436030825944-47.6683388867971j),(-39.2436030825944-47.6683388867971j)
1.4001,(-39.0457003855859-44.4071670356954j),(-39.0457003855859-44.4071670356954j)
1.4018,(-38.8516492932977-42.7753925707397j),(-38.8516492932977-42.7753925707397j)
1.4035,(-38.7801519874373-40.7617030681591j),(-38.7801519874373-40.7617030681591j)
1.4052,(-38.7811511053852-38.6063641170959j),(-38.7811511053852-38.6063641170959j)
1.4069,(-38.8195105081003-36.5674785384012j),(-38.8195105081003-36.5674785384012j)
1.4086,(-38.864847445652-34.8737504978928j),(-38.864847445652-34.8737504978928j)
1.4103,(-38.88753146831-33.4760302474693j),(-38.88753146831-33.4760302474693j)
1.412,(-38.9164674316277-32.4176406935553j),(-38.9164674316277-32.4176406935553j)
1.4137,(-38.9578931505848-31.7925663251912j),(-38.9578931505848-31.7925663251912j)
1.4154,(-39.0140128482207-31.631556063164j),(-39.0140128482207-31.631556063164j)
1.4171,(-39.1075555225467-31.9840569699635j),(-39.1075555225467-31.9840569699635j)
1.4188,(-39.2354769226812-32.9199760023567j),(-39.2354769226812-32.9199760023567j)
1.4205,(-39.3616172586735-34.253544597409j),(-39.3616172586735-34.253544597409j)
1.4222,(-39.5060049488225-36.1031141309803j),(-39.5060049488225-36.1031141309803j)
1.4239,(-39.6699280829195-38.4076000341255j),(-39.6699280829195-38.4076000341255j)
1.4256,(-39.8437131548208-41.0618766793909j),(-39.8437131548208-41.0618766793909j)
1.4273,(-39.9954646242392-44.2193391256135j),(-39.9954646242392-44.2193391256135j)
1.429,(-40.1566780977776-47.5378859222913j),(-40.1566780977776-47.5378859222913j)
1.4307,(-40.2376580161474-50.4922262309389j),(-40.2376580161474-50.4922262309389j)
1.4324,(-40.2707610819311-53.2223124719211j),(-40.2707610819311-53.2223124719211j)
1.4341,(-40.2506059277461-55.9268693353954j),(-40.2506059277461-55.9268693353954j)
1.4358,(-40.2075644043264-58.3582552124184j),(-40.2075644043264-58.3582552124184j)
1.4375,(-40.1301845642132-60.835771491412j),(-40.1301845642132-60.835771491412j)
1.4392,(-40.0242055119992-63.1669490777612j),(-40.0242055119992-63.1669490777612j)
1.4409,(-39.9142747302141-65.2366064919954j),(-39.9142747302141-65.2366064919954j)
1.4426,(-39.7735090279369-67.0927189698644j),(-39.7735090279369-67.0927189698644j)
1.4443,(-39.6428377997123-68.6415941734205j),(-39.6428377997123-68.6415941734205j)
1.446,(-39.5427055617765-69.9231923154286j),(-39.5427055617765-69.9231923154286j)
1.4477,(-39.5070347906968-70.8299307171891j),(-39.5070347906968-70.8299307171891j)
1.4494,(-39.4931266775323-71.2560505540542j),(-39.4931266775323-71.2560505540542j)
1.4511,(-39.5070333517093-70.4714524998275j),(-39.5070333517093-70.4714524998275j)
1.4528,(-39.3565621411074-68.2446782868158j),(-39.3565621411074-68.2446782868158j)
1.4545,(-39.2053936433893-66.0752223229834j),(-39.2053936433893-66.0752223229834j)
1.4562,(-39.1284277332496-64.3868924480829j),(-39.1284277332496-64.3868924480829j)
1.4579,(-39.0903351762519-62.9391372856642j),(-39.0903351762519-62.9391372856642j)
1.4596,(-39.0911384589038-61.5269030655708j),(-39.0911384589038-61.5269030655708j)
1.4613,(-39.1015746444956-60.3680217504857j),(-39.1015746444956-60.3680217504857j)
1.463,(-39.1412346939939-59.2578213828092j),(-39.1412346939939-59.2578213828092j)
1.4647,(-39.1842175662484-58.0677020439851j),(-39.1842175662484-58.0677020439851j)
1.4664,(-39.2329088716577-57.1330880079948j),(-39.2329088716577-57.1330880079948j)
1.4681,(-39.2951353870935-56.0027505647355j),(-39.2951353870935-56.0027505647355j)
1.4698,(-39.3189985705772-54.8207358139885j),(-39.3189985705772-54.8207358139885j)
1.4715,(-39.3084297125422-53.7770870124258j),(-39.3084297125422-53.7770870124258j)
1.4732,(-39.2534925641587-52.7529286565368j),(-39.2534925641587-52.7529286565368j)
1.4749,(-39.1435118835111-51.9282692085107j),(-39.1435118835111-51.9282692085107j)
1.4766,(-39.03943407688-52.2999763999861j),(-39.03943407688-52.2999763999861j)
1.4783,(-39.0558217616346-54.7842471665341j),(-39.0558217616346-54.7842471665341j)
1.48,(-38.9696720905268-57.6563588880344j),(-38.9696720905268-57.6563588880344j)
1.4817,(-38.8049357628198-60.3616605373999j),(-38.8049357628198-60.3616605373999j)
1.4834,(-38.6093592986317-62.7721062385641j),(-38.6093592986317-62.7721062385641j)
1.4851,(-38.4229081750998-64.6005475268701j),(-38.4229081750998-64.6005475268701j)
1.4868,(-38.2885411679491-65.7890350493679j),(-38.2885411679491-65.7890350493679j)
1.4885,(-38.353515900008-65.8984522659039j),(-38.353515900008-65.8984522659039j)
1.4902,(-38.3499252900937-65.8547674032358j),(-38.3499252900937-65.8547674032358j)
1.4919,(-38.2912778567542-65.4633776617371j),(-38.2912778567542-65.4633776617371j)
1.4936,(-38.1606583811461-65.0726769730672j),(-38.1606583811461-65.0726769730672j)
1.4953,(-37.9936801711691-64.6725370469999j),(-37.9936801711691-64.6725370469999j)
1.497,(-37.7941887501209-64.2224933329226j),(-37.7941887501209-64.2224933329226j)
1.4987,(-37.5424341945205-63.7654802533285j),(-37.5424341945205-63.7654802533285j)
1.5004,(-37.258816321818-63.255991370124j),(-37.258816321818-63.255991370124j)
1.5021,(-36.9849780933889-62.7474661000151j),(-36.9849780933889-62.7474661000151j)
1.5038,(-36.7880558354724-61.3882376671984j),(-36.7880558354724-61.3882376671984j)
1.5055,(-36.7091045936434-59.5726206713016j),(-36.7091045936434-59.5726206713016j)
1.5072,(-36.7507514396217-57.9668293309849j),(-36.7507514396217-57.9668293309849j)
1.5089,(-36.8631935782767-56.5387069947803j),(-36.8631935782767-56.5387069947803j)
1.5106,(-37.0056945754461-55.5897701695416j),(-37.0056945754461-55.5897701695416j)
1.5123,(-37.1503330753193-55.17848840387j),(-37.1503330753193-55.17848840387j)
1.514,(-37.1241180693843-55.6104094890243j),(-37.1241180693843-55.6104094890243j)
1.5157,(-37.2130787625328-56.0033215475901j),(-37.2130787625328-56.0033215475901j)
1.5174,(-37.3780309179856-56.4790491711842j),(-37.3780309179856-56.4790491711842j)
1.5191,(-37.6308782381638-56.9295964411941j),(-37.6308782381638-56.9295964411941j)
1.5208,(-37.9256193097056-57.2175838849868j),(-37.9256193097056-57.2175838849868j)
1.5225,(-38.3155561023898-57.4355381398307j),(-38.3155561023898-57.4355381398307j)
1.5242,(-38.7370102657973-57.584331893418j),(-38.7370102657973-57.584331893418j)
1.5259,(-39.1615948442914-58.0790519960105j),(-39.1615948442914-58.0790519960105j)
1.5276,(-39.5257441754004-58.7365649701886j),(-39.5257441754004-58.7365649701886j)
1.5293,(-39.8034860013703-59.4441250172425j),(-39.8034860013703-59.4441250172425j)
1.531,(-40.0130619225619-60.2642247665568j),(-40.0130619225619-60.2642247665568j)
1.5327,(-40.164548488002-61.1383368256773j),(-40.164548488002-61.1383368256773j)
1.5344,(-40.2521249429807-62.2561036298955j),(-40.2521249429807-62.2561036298955j)
1.5361,(-40.2932871244668-63.5656858649977j),(-40.2932871244668-63.5656858649977j)
1.5378,(-40.2709983597025-64.958902142512j),(-40.2709983597025-64.958902142512j)
1.5395,(-40.1877341786198-66.5526914831103j),(-40.1877341786198-66.5526914831103j)
1.5412,(-40.053156621771-68.4492023195223j),(-40.053156621771-68.4492023195223j)
1.5429,(-39.8778362488593-70.4343957456427j),(-39.8778362488593-70.4343957456427j)
1.5446,(-39.6743927398728-72.6646157503941j),(-39.6743927398728-72.6646157503941j)
1.5463,(-39.4557088868544-75.1983353702944j),(-39.4557088868544-75.1983353702944j)
1.548,(-39.1741339742139-77.8577839647232j),(-39.1741339742139-77.8577839647232j)
1.5497,(-38.8880976574777-79.9888486386489j),(-38.8880976574777-79.9888486386489j)
1.5514,(-38.6335153508582-81.1170836542692j),(-38.6335153508582-81.1170836542692j)
1.5531,(-38.3732907694875-81.3113138341333j),(-38.3732907694875-81.3113138341333j)
1.5548,(-38.1254569385861-81.0612681279663j),(-38.1254569385861-81.0612681279663j)
1.5565,(-37.9461628612572-80.6754445428282j),(-37.9461628612572-80.6754445428282j)
1.5582,(-37.8329331009968-80.2380695838103j),(-37.8329331009968-80.2380695838103j)
1.5599,(-37.7670853937201-79.6916320103346j),(-37.7670853937201-79.6916320103346j)
1.5616,(-37.7532496146947-78.9634949140705j),(-37.7532496146947-78.9634949140705j)
1.5633,(-37.7960371542183-78.2930119911098j),(-37.7960371542183-78.2930119911098j)
1.565,(-37.8828023898763-77.5711527582462j),(-37.8828023898763-77.5711527582462j)
1.5667,(-38.0207085105596-76.7520152487919j),(-38.0207085105596-76.7520152487919j)
1.5684,(-38.2002117440288-75.8902076204667j),(-38.2002117440288-75.8902076204667j)
1.5701,(-38.4051519472388-74.9571059570912j),(-38.4051519472388-74.9571059570912j)
1.5718,(-38.6576950557403-73.9063570379283j),(-38.6576950557403-73.9063570379283j)
1.5735,(-38.9149554944095-72.7389471194874j),(-38.9149554944095-72.7389471194874j)
1.5752,(-39.1125868891333-72.3314778981026j),(-39.1125868891333-72.3314778981026j)
1.5769,(-39.3167248773728-72.4968907730205j),(-39.3167248773728-72.4968907730205j)
1.5786,(-39.5296671027858-73.0958079875837j),(-39.5296671027858-73.0958079875837j)
1.5803,(-39.7385092350459-74.0697103540185j),(-39.7385092350459-74.0697103540185j)
1.582,(-39.9104299264008-75.025836084559j),(-39.9104299264008-75.025836084559j)
1.5837,(-40.0309189616706-75.8066166038878j),(-40.0309189616706-75.8066166038878j)
1.5854,(-40.127381913687-76.5506569129846j),(-40.127381913687-76.5506569129846j)
1.5871,(-40.1444745784635-77.2821364251583j),(-40.1444745784635-77.2821364251583j)
1.5888,(-40.1018399253121-77.8654309745443j),(-40.1018399253121-77.8654309745443j)
1.5905,(-40.0316874350276-78.542562282328j),(-40.0316874350276-78.542562282328j)
1.5922,(-39.8974741960815-79.132646072445j),(-39.8974741960815-79.132646072445j)
1.5939,(-39.7002774485088-79.7362420021465j),(-39.7002774485088-79.7362420021465j)
1.5956,(-39.4742091621798-80.3956515761428j),(-39.4742091621798-80.3956515761428j)
1.5973,(-39.1836233148286-80.8479872446098j),(-39.1836233148286-80.8479872446098j)
1.599,(-38.8698607944822-80.9912963369066j),(-38.8698607944822-80.9912963369066j)
1.6007,(-38.5824204539459-80.6751151785641j),(-38.5824204539459-80.6751151785641j)
1.6024,(-38.2804402530763-80.1216365979103j),(-38.2804402530763-80.1216365979103j)
1.6041,(-37.9934538487172-79.4961632169942j),(-37.9934538487172-79.4961632169942j)
1.6058,(-37.7506501484212-78.4512986731674j),(-37.7506501484212-78.4512986731674j)
1.6075,(-37.5154301488524-77.1876207054233j),(-37.5154301488524-77.1876207054233j)
1.6092,(-37.2952955157635-75.7198569541569j),(-37.2952955157635-75.7198569541569j)
1.6109,(-37.0907137317823-74.0476285232238j),(-37.0907137317823-74.0476285232238j)
1.6126,(-36.9219272998884-72.2371835630086j),(-36.9219272998884-72.2371835630086j)
1.6143,(-36.7932194040541-70.4028471745538j),(-36.7932194040541-70.4028471745538j)
1.616,(-36.6825677576188-68.3764005187881j),(-36.6825677576188-68.3764005187881j)
1.6177,(-36.5983751797886-66.3394069617887j),(-36.5983751797886-66.3394069617887j)
1.6194,(-36.5709042548783-64.3851256747755j),(-36.5709042548783-64.3851256747755j)
1.6211,(-36.5656920763012-63.7159404050989j),(-36.5656920763012-63.7159404050989j)
1.6228,(-36.6079238429598-63.0691793802638j),(-36.6079238429598-63.0691793802638j)
1.6245,(-36.6891401080221-62.4741378900129j),(-36.6891401080221-62.4741378900129j)
1.6262,(-36.8237351887787-61.9724593812832j),(-36.8237351887787-61.9724593812832j)
1.6279,(-36.9769621700673-61.6957278461772j),(-36.9769621700673-61.6957278461772j)
1.6296,(-37.1744158470096-61.4719655275233j),(-37.1744158470096-61.4719655275233j)
1.6313,(-37.3754625037442-61.4378992814769j),(-37.3754625037442-61.4378992814769j)
1.633,(-37.5995238182116-61.4586195672374j),(-37.5995238182116-61.4586195672374j)
1.6347,(-37.8284741534239-61.6774998610279j),(-37.8284741534239-61.6774998610279j)
1.6364,(-38.0507331105479-62.0206835626385j),(-38.0507331105479-62.0206835626385j)
1.6381,(-38.265463973228-62.4612648235227j),(-38.265463973228-62.4612648235227j)
1.6398,(-38.4787073939298-62.9586635691538j),(-38.4787073939298-62.9586635691538j)
1.6415,(-38.6815370991369-63.508676922138j),(-38.6815370991369-63.508676922138j)
1.6432,(-38.8610031771577-64.2892971667385j),(-38.8610031771577-64.2892971667385j)
1.6449,(-38.9961932004178-65.3055099391133j),(-38.9961932004178-65.3055099391133j)
1.6466,(-39.04831341608-65.1983469771386j),(-39.04831341608-65.1983469771386j)
1.6483,(-39.058081131186-65.7009715836811j),(-39.058081131186-65.7009715836811j)
1.65,(-39.023962945897-66.8066097202554j),(-39.023962945897-66.8066097202554j)
1.6517,(-38.9547307745048-68.3705394115279j),(-38.9547307745048-68.3705394115279j)
1.6534,(-38.8622820288716-70.2362565109065j),(-38.8622820288716-70.2362565109065j)
1.6551,(-38.7507301479875-72.2807460548363j),(-38.7507301479875-72.2807460548363j)
1.6568,(-38.65699289582-74.0962715905218j),(-38.65699289582-74.0962715905218j)
1.6585,(-38.5722194258728-75.72187997364j),(-38.5722194258728-75.72187997364j)
1.6602,(-38.4939670988935-77.2207016047204j),(-38.4939670988935-77.2207016047204j)
1.6619,(-38.4390400927768-78.3747353407673j),(-38.4390400927768-78.3747353407673j)
1.6636,(-38.4039318222977-79.2347352171314j),(-38.4039318222977-79.2347352171314j)
1.6653,(-38.351344908289-79.7674393797257j),(-38.351344908289-79.7674393797257j)
1.667,(-38.3165653028997-80.0640112606634j),(-38.3165653028997-80.0640112606634j)
1.6687,(-38.2938020920316-79.9330711614645j),(-38.2938020920316-79.9330711614645j)
1.6704,(-38.2527032235671-79.4765428662428j),(-38.2527032235671-79.4765428662428j)
1.6721,(-38.2387364897897-78.7056332002023j),(-38.2387364897897-78.7056332002023j)
1.6738,(-38.1786240457875-77.4941364142622j),(-38.1786240457875-77.4941364142622j)
1.6755,(-38.1131500362693-75.9114666200431j),(-38.1131500362693-75.9114666200431j)
1.6772,(-38.0061653425936-74.0271902235658j),(-38.0061653425936-74.0271902235658j)
1.6789,(-37.8805060696548-71.8347512074011j),(-37.8805060696548-71.8347512074011j)
1.6806,(-37.7359420659705-69.4715670351377j),(-37.7359420659705-69.4715670351377j)
1.6823,(-37.587236467573-67.2134146936873j),(-37.587236467573-67.2134146936873j)
1.684,(-37.4525950125129-65.202840645067j),(-37.4525950125129-65.202840645067j)
1.6857,(-37.3460995317363-63.3423359707833j),(-37.3460995317363-63.3423359707833j)
1.6874,(-37.2775524448233-61.8135695398254j),(-37.2775524448233-61.8135695398254j)
1.6891,(-37.3311333897237-61.0159544157557j),(-37.3311333897237-61.0159544157557j)
1.6908,(-37.3793794626102-61.3516609338918j),(-37.3793794626102-61.3516609338918j)
1.6925,(-37.3563600634926-62.7577640909111j),(-37.3563600634926-62.7577640909111j)
1.6942,(-37.3731148045666-64.4852841097931j),(-37.3731148045666-64.4852841097931j)
1.6959,(-37.4663679891253-66.2848014751549j),(-37.4663679891253-66.2848014751549j)
1.6976,(-37.6439817337337-68.1816697716439j),(-37.6439817337337-68.1816697716439j)
1.6993,(-37.9483401520638-69.7006533296579j),(-37.9483401520638-69.7006533296579j)
1.701,(-38.3346644810721-70.9256809536659j),(-38.3346644810721-70.9256809536659j)
1.7027,(-38.7729743796743-71.5642692538348j),(-38.7729743796743-71.5642692538348j)
1.7044,(-39.2641214483782-71.7674979064197j),(-39.2641214483782-71.7674979064197j)
1.7061,(-39.7005614850392-71.6974054209093j),(-39.7005614850392-71.6974054209093j)
1.7078,(-40.0720916823252-71.627517498581j),(-40.0720916823252-71.627517498581j)
1.7095,(-40.3369040277529-71.4504053580635j),(-40.3369040277529-71.4504053580635j)
1.7112,(-40.502464863143-71.2579734902167j),(-40.502464863143-71.2579734902167j)
1.7129,(-40.5267934779097-71.1126175442551j),(-40.5267934779097-71.1126175442551j)
1.7146,(-40.3708658539777-70.741108954344j),(-40.3708658539777-70.741108954344j)
1.7163,(-40.1736354155515-69.8739944756968j),(-40.1736354155515-69.8739944756968j)
1.718,(-40.2287447320932-68.6171463246937j),(-40.2287447320932-68.6171463246937j)
1.7197,(-40.2358357765043-67.1980486365232j),(-40.2358357765043-67.1980486365232j)
1.7214,(-40.1654609124145-65.8507478413455j),(-40.1654609124145-65.8507478413455j)
1.7231,(-40.0301302902451-64.5231023252272j),(-40.0301302902451-64.5231023252272j)
1.7248,(-39.8161825429774-63.6637142297114j),(-39.8161825429774-63.6637142297114j)
1.7265,(-39.5469122819436-63.1270133562608j),(-39.5469122819436-63.1270133562608j)
1.7282,(-39.2487193070322-63.280366323498j),(-39.2487193070322-63.280366323498j)
1.7299,(-38.9309226404174-64.0447736100715j),(-38.9309226404174-64.0447736100715j)
1.7316,(-38.6564407336481-65.2335403780737j),(-38.6564407336481-65.2335403780737j)
1.7333,(-38.4140381623245-66.6051661451772j),(-38.4140381623245-66.6051661451772j)
1.735,(-38.2517075449861-68.1128703590799j),(-38.2517075449861-68.1128703590799j)
1.7367,(-38.1145553502637-69.5716841768536j),(-38.1145553502637-69.5716841768536j)
1.7384,(-38.0593050929198-71.0726552331902j),(-38.0593050929198-71.0726552331902j)
1.7401,(-38.0489589526062-72.2268245267267j),(-38.0489589526062-72.2268245267267j)
1.7418,(-38.0671161271727-72.9329496254373j),(-38.0671161271727-72.9329496254373j)
1.7435,(-37.8576734415039-73.1226151995247j),(-37.8576734415039-73.1226151995247j)
1.7452,(-37.6307077243762-73.3743611749746j),(-37.6307077243762-73.3743611749746j)
1.7469,(-37.4200288195795-73.4810278230396j),(-37.4200288195795-73.4810278230396j)
1.7486,(-37.1957563596871-73.4710233433244j),(-37.1957563596871-73.4710233433244j)
1.7503,(-36.9925699335441-73.4222712850959j),(-36.9925699335441-73.4222712850959j)
1.752,(-36.7827612301642-73.3707908940131j),(-36.7827612301642-73.3707908940131j)
1.7537,(-36.5948338321875-73.2354098824609j),(-36.5948338321875-73.2354098824609j)
1.7554,(-36.4081076605859-73.069271758074j),(-36.4081076605859-73.069271758074j)
1.7571,(-36.2272018773245-72.9193796076855j),(-36.2272018773245-72.9193796076855j)
1.7588,(-36.0634358960881-72.8871065492471j),(-36.0634358960881-72.8871065492471j)
1.7605,(-35.888753476842-72.9948969358631j),(-35.888753476842-72.9948969358631j)
1.7622,(-35.7550783892916-73.3036197655024j),(-35.7550783892916-73.3036197655024j)
1.7639,(-35.6176413616557-73.6120840120382j),(-35.6176413616557-73.6120840120382j)
1.7656,(-35.5169973569228-74.0860864488925j),(-35.5169973569228-74.0860864488925j)
1.7673,(-35.4769116094555-74.6800974127298j),(-35.4769116094555-74.6800974127298j)
1.769,(-35.4969064492593-75.3516944817874j),(-35.4969064492593-75.3516944817874j)
1.7707,(-35.5897745820798-76.032495769317j),(-35.5897745820798-76.032495769317j)
1.7724,(-35.7427147494589-76.6249013118177j),(-35.7427147494589-76.6249013118177j)
1.7741,(-35.9581947891324-77.1627651656597j),(-35.9581947891324-77.1627651656597j)
1.7758,(-36.2131093394226-77.7967620291997j),(-36.2131093394226-77.7967620291997j)
1.7775,(-36.5241085964877-78.4556810195262j),(-36.5241085964877-78.4556810195262j)
1.7792,(-36.8731991304821-79.1304817198364j),(-36.8731991304821-79.1304817198364j)
1.7809,(-37.2605087947273-79.810747072961j),(-37.2605087947273-79.810747072961j)
1.7826,(-37.6681240754867-80.4625917507393j),(-37.6681240754867-80.4625917507393j)
1.7843,(-38.0974497933646-81.0446142841367j),(-38.0974497933646-81.0446142841367j)
1.786,(-38.5313736383921-81.5561251033465j),(-38.5313736383921-81.5561251033465j)
1.7877,(-38.9879116401179-82.0806649176214j),(-38.9879116401179-82.0806649176214j)
1.7894,(-39.4253670681744-82.4946079345188j),(-39.4253670681744-82.4946079345188j)
1.7911,(-39.7935846190845-82.7953743981978j),(-39.7935846190845-82.7953743981978j)
1.7928,(-40.1181218778754-82.8882870981739j),(-40.1181218778754-82.8882870981739j)
1.7945,(-40.38180911769-82.9306728181553j),(-40.38180911769-82.9306728181553j)
1.7962,(-40.590860528874-82.8135427647426j),(-40.590860528874-82.8135427647426j)
1.7979,(-40.717095159309-82.9310775421838j),(-40.717095159309-82.9310775421838j)
1.7996,(-40.7960125737202-83.0529967120502j),(-40.7960125737202-83.0529967120502j)
1.8013,(-40.8054541736474-83.1284378994699j),(-40.8054541736474-83.1284378994699j)
1.803,(-40.7590327955183-83.0906967434262j),(-40.7590327955183-83.0906967434262j)
1.8047,(-40.654547826179-83.0539864404689j),(-40.654547826179-83.0539864404689j)
1.8064,(-40.4956348162019-83.1487819288115j),(-40.4956348162019-83.1487819288115j)
1.8081,(-40.3027921348531-83.2521163580734j),(-40.3027921348531-83.2521163580734j)
1.8098,(-40.082767497499-83.3926684329681j),(-40.082767497499-83.3926684329681j)
1.8115,(-39.8295969110644-83.543691447525j),(-39.8295969110644-83.543691447525j)
1.8132,(-39.533897039538-83.4612413605725j),(-39.533897039538-83.4612413605725j)
1.8149,(-39.2514319901667-83.2914965366108j),(-39.2514319901667-83.2914965366108j)
1.8166,(-38.98767541094-83.1626004600305j),(-38.98767541094-83.1626004600305j)
1.8183,(-38.7410739671069-83.0977477533452j),(-38.7410739671069-83.0977477533452j)
1.82,(-38.5276796542045-83.0991370979486j),(-38.5276796542045-83.0991370979486j)
1.8217,(-38.3137558214035-83.1951359734918j),(-38.3137558214035-83.1951359734918j)
1.8234,(-38.1580764323752-83.1091397080839j),(-38.1580764323752-83.1091397080839j)
1.8251,(-38.0086592496243-83.0852045059744j),(-38.0086592496243-83.0852045059744j)
1.8268,(-37.8876956284747-83.1072160738442j),(-37.8876956284747-83.1072160738442j)
1.8285,(-37.7889403299518-83.2908712089167j),(-37.7889403299518-83.2908712089167j)
1.8302,(-37.7198218325477-83.581432250498j),(-37.7198218325477-83.581432250498j)
1.8319,(-37.6553936398243-83.7977644953038j),(-37.6553936398243-83.7977644953038j)
1.8336,(-37.629851685967-84.2917328864679j),(-37.629851685967-84.2917328864679j)
1.8353,(-37.5918483272251-84.8979641567184j),(-37.5918483272251-84.8979641567184j)
1.837,(-37.5612255410983-85.5204785588944j),(-37.5612255410983-85.5204785588944j)
1.8387,(-37.4764993218025-86.0658578017542j),(-37.4764993218025-86.0658578017542j)
1.8404,(-37.3713490857203-86.5893495923379j),(-37.3713490857203-86.5893495923379j)
1.8421,(-37.2584213377617-87.1516936917052j),(-37.2584213377617-87.1516936917052j)
1.8438,(-37.1227281764733-87.8973368909741j),(-37.1227281764733-87.8973368909741j)
1.8455,(-36.9731737844693-88.6166169115984j),(-36.9731737844693-88.6166169115984j)
1.8472,(-36.8199180287425-89.4091705357715j),(-36.8199180287425-89.4091705357715j)
1.8489,(-36.6367025121329-90.216023245875j),(-36.6367025121329-90.216023245875j)
1.8506,(-36.4534833555932-91.0564197352567j),(-36.4534833555932-91.0564197352567j)
1.8523,(-36.2703240529046-91.7532899592549j),(-36.2703240529046-91.7532899592549j)
1.854,(-36.0802736065237-92.3998575789585j),(-36.0802736065237-92.3998575789585j)
1.8557,(-35.8693109530546-92.9429491892871j),(-35.8693109530546-92.9429491892871j)
1.8574,(-35.6753262750224-93.3546858411233j),(-35.6753262750224-93.3546858411233j)
1.8591,(-35.4694515456105-93.4372251878156j),(-35.4694515456105-93.4372251878156j)
1.8608,(-35.2898824907967-93.3561360736449j),(-35.2898824907967-93.3561360736449j)
1.8625,(-35.1850185858685-93.4180581002321j),(-35.1850185858685-93.4180581002321j)
1.8642,(-35.1886180431844-93.7278238505815j),(-35.1886180431844-93.7278238505815j)
1.8659,(-35.2826603379711-94.1276392355239j),(-35.2826603379711-94.1276392355239j)
1.8676,(-35.4431830640493-94.4102113527109j),(-35.4431830640493-94.4102113527109j)
1.8693,(-35.6379225684317-94.2884493321742j),(-35.6379225684317-94.2884493321742j)
1.871,(-35.8691888837418-94.1117191498405j),(-35.8691888837418-94.1117191498405j)
1.8727,(-36.0808583620954-93.9497187555124j),(-36.0808583620954-93.9497187555124j)
1.8744,(-36.2878508571746-93.8256402659861j),(-36.2878508571746-93.8256402659861j)
1.8761,(-36.4985861794836-93.7591662391032j),(-36.4985861794836-93.7591662391032j)
1.8778,(-36.6763282045361-93.7695680157862j),(-36.6763282045361-93.7695680157862j)
1.8795,(-36.8363951784687-93.6657733669094j),(-36.8363951784687-93.6657733669094j)
1.8812,(-36.987191696274-93.5865165600347j),(-36.987191696274-93.5865165600347j)
1.8829,(-37.1298231131599-93.4580591782646j),(-37.1298231131599-93.4580591782646j)
1.8846,(-37.258805067883-93.4055324898728j),(-37.258805067883-93.4055324898728j)
1.8863,(-37.3742768774975-93.2810637662698j),(-37.3742768774975-93.2810637662698j)
1.888,(-37.4372753110288-92.906260418923j),(-37.4372753110288-92.906260418923j)
1.8897,(-37.4680702390185-92.3920248691219j),(-37.4680702390185-92.3920248691219j)
1.8914,(-37.4352573176784-91.8560984494081j),(-37.4352573176784-91.8560984494081j)
1.8931,(-37.3698611066619-91.4125115790089j),(-37.3698611066619-91.4125115790089j)
1.8948,(-37.308412689839-91.1694079957297j),(-37.308412689839-91.1694079957297j)
1.8965,(-37.2428200671925-90.8682573953961j),(-37.2428200671925-90.8682573953961j)
1.8982,(-37.2181932946354-90.4460896096088j),(-37.2181932946354-90.4460896096088j)
1.8999,(-37.2383975852926-89.8877985047031j),(-37.2383975852926-89.8877985047031j)
1.9016,(-37.1551107334737-90.2615058450632j),(-37.1551107334737-90.2615058450632j)
1.9033,(-37.1287575985407-90.5405077134359j),(-37.1287575985407-90.5405077134359j)
1.905,(-37.135531905462-90.7026148873124j),(-37.135531905462-90.7026148873124j)
1.9067,(-37.1820371131912-90.821507042295j),(-37.1820371131912-90.821507042295j)
1.9084,(-37.2557668885651-90.8879778947339j),(-37.2557668885651-90.8879778947339j)
1.9101,(-37.3840053526338-90.7599453220598j),(-37.3840053526338-90.7599453220598j)
1.9118,(-37.5396315457971-90.4074171382589j),(-37.5396315457971-90.4074171382589j)
1.9135,(-37.7346271301704-89.9642519542022j),(-37.7346271301704-89.9642519542022j)
1.9152,(-37.965588893356-89.5235970192453j),(-37.965588893356-89.5235970192453j)
1.9169,(-38.2113998658275-89.0159219350472j),(-38.2113998658275-89.0159219350472j)
1.9186,(-38.4711891925096-88.7927373974577j),(-38.4711891925096-88.7927373974577j)
1.9203,(-38.719085610244-88.7647147002059j),(-38.719085610244-88.7647147002059j)
1.922,(-38.9379988098845-89.0657199068438j),(-38.9379988098845-89.0657199068438j)
1.9237,(-39.14322593954-89.601050255772j),(-39.14322593954-89.601050255772j)
1.9254,(-39.3007386765776-90.513295678283j),(-39.3007386765776-90.513295678283j)
1.9271,(-39.5168917401038-90.5286604956343j),(-39.5168917401038-90.5286604956343j)
1.9288,(-39.6602847526284-90.6762715390241j),(-39.6602847526284-90.6762715390241j)
1.9305,(-39.7337906146416-91.0842118876532j),(-39.7337906146416-91.0842118876532j)
1.9322,(-39.7882464271303-90.1090001425433j),(-39.7882464271303-90.1090001425433j)
1.9339,(-39.826255043271-89.1221551557202j),(-39.826255043271-89.1221551557202j)
1.9356,(-39.7963993309089-88.4067573946455j),(-39.7963993309089-88.4067573946455j)
1.9373,(-39.7136200394836-88.127496953628j),(-39.7136200394836-88.127496953628j)
1.939,(-39.578782069931-88.0679835253666j),(-39.578782069931-88.0679835253666j)
1.9407,(-39.3765110093082-88.2950471522254j),(-39.3765110093082-88.2950471522254j)
1.9424,(-39.1392818708094-88.7343004925679j),(-39.1392818708094-88.7343004925679j)
1.9441,(-38.8449156385613-89.0612329982771j),(-38.8449156385613-89.0612329982771j)
1.9458,(-38.5226850784817-89.4714424382953j),(-38.5226850784817-89.4714424382953j)
1.9475,(-38.214210012674-89.7947499270213j),(-38.214210012674-89.7947499270213j)
1.9492,(-37.8781212887373-89.9717599266954j),(-37.8781212887373-89.9717599266954j)
1.9509,(-37.5582792601227-89.9936907301746j),(-37.5582792601227-89.9936907301746j)
1.9526,(-37.2733079920041-90.0041104762106j),(-37.2733079920041-90.0041104762106j)
1.9543,(-37.0228144135877-90.0118641511234j),(-37.0228144135877-90.0118641511234j)
1.956,(-36.8093448979135-90.01740416073j),(-36.8093448979135-90.01740416073j)
1.9577,(-36.636262380475-91.8259387642337j),(-36.636262380475-91.8259387642337j)
1.9594,(-36.5197274406862-94.1216430285913j),(-36.5197274406862-94.1216430285913j)
1.9611,(-36.5198884684477-96.6018997970577j),(-36.5198884684477-96.6018997970577j)
1.9628,(-36.6872260115958-98.853576959831j),(-36.6872260115958-98.853576959831j)
1.9645,(-36.8463064465542-100.61078289391j),(-36.8463064465542-100.61078289391j)
1.9662,(-36.994246936945-101.811821652461j),(-36.994246936945-101.811821652461j)
1.9679,(-37.1458738138206-102.754497074159j),(-37.1458738138206-102.754497074159j)
1.9696,(-37.2926452348658-103.258156283771j),(-37.2926452348658-103.258156283771j)
1.9713,(-37.4313870499503-103.512842837474j),(-37.4313870499503-103.512842837474j)
1.973,(-37.5288153985973-103.485303166243j),(-37.5288153985973-103.485303166243j)
1.9747,(-37.6306919529836-103.31816808132j),(-37.6306919529836-103.31816808132j)
1.9764,(-37.7263596442563-102.822895520391j),(-37.7263596442563-102.822895520391j)
1.9781,(-37.8112794762012-102.22097591972j),(-37.8112794762012-102.22097591972j)
1.9798,(-37.8722583449979-101.438253767664j),(-37.8722583449979-101.438253767664j)
1.9815,(-37.9400041388911-100.512151783121j),(-37.9400041388911-100.512151783121j)
1.9832,(-37.9595513356638-99.197150831543j),(-37.9595513356638-99.197150831543j)
1.9849,(-37.8986337467313-97.4702638314305j),(-37.8986337467313-97.4702638314305j)
1.9866,(-37.7332730437171-95.4547325961986j),(-37.7332730437171-95.4547325961986j)
1.9883,(-37.4223253682289-93.4906833648702j),(-37.4223253682289-93.4906833648702j)
1.99,(-37.1194437795429-91.9594186979674j),(-37.1194437795429-91.9594186979674j)
1.9917,(-36.8273110816924-90.7754409774807j),(-36.8273110816924-90.7754409774807j)
1.9934,(-36.5519803410425-89.8098618712302j),(-36.5519803410425-89.8098618712302j)
1.9951,(-36.3037383653626-89.1741882731446j),(-36.3037383653626-89.1741882731446j)
1.9968,(-36.0689326412856-88.6295285247295j),(-36.0689326412856-88.6295285247295j)
1.9985,(-35.8736673290522-88.319142291525j),(-35.8736673290522-88.319142291525j)
2.0002,(-35.7022905327417-88.1817449360405j),(-35.7022905327417-88.1817449360405j)
2.0019,(-35.5468096768018-88.3048063849051j),(-35.5468096768018-88.3048063849051j)
2.0036,(-35.4127351367148-88.4464303796799j),(-35.4127351367148-88.4464303796799j)
2.0053,(-35.3188664721806-88.7627683073316j),(-35.3188664721806-88.7627683073316j)
2.007,(-35.2466060969803-89.2296954036679j),(-35.2466060969803-89.2296954036679j)
2.0087,(-35.2129571156955-89.8580453984852j),(-35.2129571156955-89.8580453984852j)
2.0104,(-35.196684345631-90.642257358324j),(-35.196684345631-90.642257358324j)
2.0121,(-35.2190840305845-91.6151118638114j),(-35.2190840305845-91.6151118638114j)
2.0138,(-35.2757261282942-92.714633574884j),(-35.2757261282942-92.714633574884j)
2.0155,(-35.3718185859221-93.9840694337816j),(-35.3718185859221-93.9840694337816j)
2.0172,(-35.5046121576692-95.3764301570568j),(-35.5046121576692-95.3764301570568j)
2.0189,(-35.6529919840618-96.9768489010359j),(-35.6529919840618-96.9768489010359j)
2.0206,(-35.8463025726287-98.7890237620184j),(-35.8463025726287-98.7890237620184j)
2.0223,(-36.0754868194222-100.856241293212j),(-36.0754868194222-100.856241293212j)
2.024,(-36.3310117103136-103.032477428021j),(-36.3310117103136-103.032477428021j)
2.0257,(-36.6330696849185-105.570182670842j),(-36.6330696849185-105.570182670842j)
2.0274,(-36.955521114472-108.354271389568j),(-36.955521114472-108.354271389568j)
2.0291,(-37.2788213481763-111.259971697075j),(-37.2788213481763-111.259971697075j)
2.0308,(-37.5729763183489-114.119007589538j),(-37.5729763183489-114.119007589538j)
2.0325,(-37.8170875627119-116.746233761649j),(-37.8170875627119-116.746233761649j)
2.0342,(-38.0091876471611-119.253201052159j),(-38.0091876471611-119.253201052159j)
2.0359,(-38.1858198893908-121.604742143794j),(-38.1858198893908-121.604742143794j)
2.0376,(-38.3153433961071-123.701611152242j),(-38.3153433961071-123.701611152242j)
2.0393,(-38.4234646133766-125.614204722784j),(-38.4234646133766-125.614204722784j)
2.041,(-38.4952383240561-127.219014179468j),(-38.4952383240561-127.219014179468j)
2.0427,(-38.5422522122184-128.630397028279j),(-38.5422522122184-128.630397028279j)
2.0444,(-38.5671677089828-129.636370402908j),(-38.5671677089828-129.636370402908j)
2.0461,(-38.5611564061959-130.246555624006j),(-38.5611564061959-130.246555624006j)
2.0478,(-38.5280405483661-130.412832196172j),(-38.5280405483661-130.412832196172j)
2.0495,(-38.4625445371981-130.164570380534j),(-38.4625445371981-130.164570380534j)
2.0512,(-38.3686778001442-129.224159037117j),(-38.3686778001442-129.224159037117j)
2.0529,(-38.240161229331-127.459144197232j),(-38.240161229331-127.459144197232j)
2.0546,(-38.0958973717678-125.062870007911j),(-38.0958973717678-125.062870007911j)
2.0563,(-37.932771199948-122.284489604749j),(-37.932771199948-122.284489604749j)
2.058,(-37.7788460689679-119.612939635277j),(-37.7788460689679-119.612939635277j)
2.0597,(-37.6392014120644-117.009931427831j),(-37.6392014120644-117.009931427831j)
2.0614,(-37.5051595335671-114.563750320582j),(-37.5051595335671-114.563750320582j)
2.0631,(-37.3907147008969-112.239238151064j),(-37.3907147008969-112.239238151064j)
2.0648,(-37.2586136560791-110.060730442381j),(-37.2586136560791-110.060730442381j)
2.0665,(-37.1304702725448-108.047884352423j),(-37.1304702725448-108.047884352423j)
2.0682,(-37.0036774854821-106.218948073362j),(-37.0036774854821-106.218948073362j)
2.0699,(-36.866581155633-104.530682062194j),(-36.866581155633-104.530682062194j)
2.0716,(-36.726570118707-103.20213670739j),(-36.726570118707-103.20213670739j)
2.0733,(-36.5842628898562-102.100792495652j),(-36.5842628898562-102.100792495652j)
2.075,(-36.4384265876906-101.330474956332j),(-36.4384265876906-101.330474956332j)
2.0767,(-36.2798365382521-101.012823393075j),(-36.2798365382521-101.012823393075j)
2.0784,(-36.1383986394237-101.283170637426j),(-36.1383986394237-101.283170637426j)
2.0801,(-36.0208373318636-102.203582039894j),(-36.0208373318636-102.203582039894j)
2.0818,(-35.9682875218635-103.655716334668j),(-35.9682875218635-103.655716334668j)
2.0835,(-35.9496902481386-105.214983591093j),(-35.9496902481386-105.214983591093j)
2.0852,(-35.9573842598806-106.855140742526j),(-35.9573842598806-106.855140742526j)
2.0869,(-35.9853686665342-108.54035418909j),(-35.9853686665342-108.54035418909j)
2.0886,(-36.0251909708692-110.019250688739j),(-36.0251909708692-110.019250688739j)
2.0903,(-36.0815808439079-111.267176673781j),(-36.0815808439079-111.267176673781j)
2.092,(-36.1471919793532-112.238801385372j),(-36.1471919793532-112.238801385372j)
2.0937,(-36.2157233072678-112.722706200434j),(-36.2157233072678-112.722706200434j)
2.0954,(-36.3127141084895-113.058252670798j),(-36.3127141084895-113.058252670798j)
2.0971,(-36.4033807415835-113.041573207143j),(-36.4033807415835-113.041573207143j)
2.0988,(-36.4796069279951-112.765304714264j),(-36.4796069279951-112.765304714264j)
2.1005,(-36.5664131500277-112.07728824407j),(-36.5664131500277-112.07728824407j)
2.1022,(-36.8958066725238-110.22044732157j),(-36.8958066725238-110.22044732157j)
2.1039,(-37.3128095424159-106.342234757524j),(-37.3128095424159-106.342234757524j)
2.1056,(-37.675938209254-100.508679637683j),(-37.675938209254-100.508679637683j)
2.1073,(-37.9250460971167-93.4987684773591j),(-37.9250460971167-93.4987684773591j)
2.109,(-38.0988449601026-85.7725421107329j),(-38.0988449601026-85.7725421107329j)
2.1107,(-38.2462652968373-77.7790472299765j),(-38.2462652968373-77.7790472299765j)
2.1124,(-38.4311415456797-69.8366921331385j),(-38.4311415456797-69.8366921331385j)
2.1141,(-38.7380437570362-62.6399516962443j),(-38.7380437570362-62.6399516962443j)
2.1158,(-39.1449740999939-57.4426398495106j),(-39.1449740999939-57.4426398495106j)
2.1175,(-39.4606987525224-55.3217447900834j),(-39.4606987525224-55.3217447900834j)
2.1192,(-39.4810880234174-54.8544005815575j),(-39.4810880234174-54.8544005815575j)
2.1209,(-39.5543384333249-54.9215358742427j),(-39.5543384333249-54.9215358742427j)
2.1226,(-39.6923244181155-55.5365497106463j),(-39.6923244181155-55.5365497106463j)
2.1243,(-39.9671152328916-56.9934481211325j),(-39.9671152328916-56.9934481211325j)
2.126,(-40.1818445918095-58.7759957862245j),(-40.1818445918095-58.7759957862245j)
2.1277,(-40.1186571538163-61.7167994554996j),(-40.1186571538163-61.7167994554996j)
2.1294,(-39.9665910775306-66.685666895319j),(-39.9665910775306-66.685666895319j)
2.1311,(-39.8315636655731-73.3955239474556j),(-39.8315636655731-73.3955239474556j)
2.1328,(-39.7949700988953-81.3491995876987j),(-39.7949700988953-81.3491995876987j)
2.1345,(-39.819953886229-89.9668467325803j),(-39.819953886229-89.9668467325803j)
2.1362,(-39.8464384939334-98.633404387541j),(-39.8464384939334-98.633404387541j)
2.1379,(-39.8298011494722-107.169022211958j),(-39.8298011494722-107.169022211958j)
2.1396,(-39.6809324454735-115.186424527438j),(-39.6809324454735-115.186424527438j)
2.1413,(-39.4303713538312-121.423623555339j),(-39.4303713538312-121.423623555339j)
2.143,(-39.2649458253897-124.765704255548j),(-39.2649458253897-124.765704255548j)
2.1447,(-39.3891129197171-126.7751651032j),(-39.3891129197171-126.7751651032j)
2.1464,(-39.4510061652887-128.324574697112j),(-39.4510061652887-128.324574697112j)
2.1481,(-39.4364394537077-129.557581400716j),(-39.4364394537077-129.557581400716j)
2.1498,(-39.3231740130067-129.5047956199j),(-39.3231740130067-129.5047956199j)
2.1515,(-39.2567493060683-128.76819010752j),(-39.2567493060683-128.76819010752j)
2.1532,(-39.1948178291091-127.382525572971j),(-39.1948178291091-127.382525572971j)
2.1549,(-39.0924863872165-125.286063553693j),(-39.0924863872165-125.286063553693j)
2.1566,(-39.0082230186146-123.159235100335j),(-39.0082230186146-123.159235100335j)
2.1583,(-38.8938484710729-120.856225427784j),(-38.8938484710729-120.856225427784j)
2.16,(-38.7747094339149-118.605424638578j),(-38.7747094339149-118.605424638578j)
2.1617,(-38.6599774277641-116.391914523043j),(-38.6599774277641-116.391914523043j)
2.1634,(-38.5163604859104-114.217657141452j),(-38.5163604859104-114.217657141452j)
2.1651,(-38.3724850008923-111.954060179857j),(-38.3724850008923-111.954060179857j)
2.1668,(-38.2165106054485-109.806697444425j),(-38.2165106054485-109.806697444425j)
2.1685,(-38.0633400253992-107.799761044478j),(-38.0633400253992-107.799761044478j)
2.1702,(-37.9136528537797-105.934805353613j),(-37.9136528537797-105.934805353613j)
2.1719,(-37.7510599662118-104.238162833996j),(-37.7510599662118-104.238162833996j)
2.1736,(-37.6615845115341-102.972713822225j),(-37.6615845115341-102.972713822225j)
2.1753,(-37.6283558503639-102.951811575998j),(-37.6283558503639-102.951811575998j)
2.177,(-37.7022435129616-104.029816604773j),(-37.7022435129616-104.029816604773j)
2.1787,(-37.9149793872498-105.869519812951j),(-37.9149793872498-105.869519812951j)
2.1804,(-38.2188762711629-108.59264942302j),(-38.2188762711629-108.59264942302j)
2.1821,(-38.6274144182984-111.462631162402j),(-38.6274144182984-111.462631162402j)
2.1838,(-39.1251630294049-113.758096146768j),(-39.1251630294049-113.758096146768j)
2.1855,(-39.635969247224-115.391862191509j),(-39.635969247224-115.391862191509j)
2.1872,(-40.0857601096477-116.720354152662j),(-40.0857601096477-116.720354152662j)
2.1889,(-40.4171423722855-117.699662187985j),(-40.4171423722855-117.699662187985j)
2.1906,(-40.6601164623439-118.663231940965j),(-40.6601164623439-118.663231940965j)
2.1923,(-40.798824534062-119.952487494426j),(-40.798824534062-119.952487494426j)
2.194,(-40.8406903458891-121.494681080902j),(-40.8406903458891-121.494681080902j)
2.1957,(-40.8023028702471-123.093671144938j),(-40.8023028702471-123.093671144938j)
2.1974,(-40.7344496999711-124.70934997842j),(-40.7344496999711-124.70934997842j)
2.1991,(-40.6110296436225-125.781345116083j),(-40.6110296436225-125.781345116083j)
2.2008,(-40.401465794133-126.219512070319j),(-40.401465794133-126.219512070319j)
2.2025,(-40.0810466452873-126.217279267676j),(-40.0810466452873-126.217279267676j)
2.2042,(-39.6530807755644-125.988961035332j),(-39.6530807755644-125.988961035332j)
2.2059,(-39.1649790366083-125.395327873817j),(-39.1649790366083-125.395327873817j)
2.2076,(-38.5756134334407-124.820176667633j),(-38.5756134334407-124.820176667633j)
2.2093,(-37.9270003377944-124.691369415579j),(-37.9270003377944-124.691369415579j)
2.211,(-37.280272335233-125.118391757407j),(-37.280272335233-125.118391757407j)
2.2127,(-36.7040925152585-125.733014324192j),(-36.7040925152585-125.733014324192j)
2.2144,(-36.2663357722166-126.656521136j),(-36.2663357722166-126.656521136j)
2.2161,(-35.9291778396433-127.50945731518j),(-35.9291778396433-127.50945731518j)
2.2178,(-35.7170738790191-127.825622644715j),(-35.7170738790191-127.825622644715j)
2.2195,(-35.6056048410378-127.764594289797j),(-35.6056048410378-127.764594289797j)
2.2212,(-35.5853768983747-127.4322464644j),(-35.5853768983747-127.4322464644j)
2.2229,(-35.608227858965-126.765102570581j),(-35.608227858965-126.765102570581j)
2.2246,(-35.6233859140376-125.934768293991j),(-35.6233859140376-125.934768293991j)
2.2263,(-35.6494959823367-125.055704060412j),(-35.6494959823367-125.055704060412j)
2.228,(-35.6822290998436-124.110412864363j),(-35.6822290998436-124.110412864363j)
2.2297,(-35.7344989555725-123.096768541209j),(-35.7344989555725-123.096768541209j)
2.2314,(-35.8078936491018-122.092221883406j),(-35.8078936491018-122.092221883406j)
2.2331,(-35.8891601797767-120.954782460438j),(-35.8891601797767-120.954782460438j)
2.2348,(-35.9763221866755-119.826777064867j),(-35.9763221866755-119.826777064867j)
2.2365,(-36.0744067780026-118.71805857701j),(-36.0744067780026-118.71805857701j)
2.2382,(-36.1786710588833-117.611975324488j),(-36.1786710588833-117.611975324488j)
2.2399,(-36.2965571559888-116.303107902512j),(-36.2965571559888-116.303107902512j)
2.2416,(-36.4038937305431-115.213461490405j),(-36.4038937305431-115.213461490405j)
2.2433,(-36.5149869662365-114.048796949077j),(-36.5149869662365-114.048796949077j)
2.245,(-36.6149072412078-113.213145621637j),(-36.6149072412078-113.213145621637j)
2.2467,(-36.6182274877844-113.35404459091j),(-36.6182274877844-113.35404459091j)
2.2484,(-36.5855709157002-114.118389241459j),(-36.5855709157002-114.118389241459j)
2.2501,(-36.552564881399-115.007553187419j),(-36.552564881399-115.007553187419j)
2.2518,(-36.5546262322929-115.702302994868j),(-36.5546262322929-115.702302994868j)
2.2535,(-36.654729271759-116.050505225232j),(-36.654729271759-116.050505225232j)
2.2552,(-36.8817324177734-116.022562856506j),(-36.8817324177734-116.022562856506j)
2.2569,(-37.2570379752654-116.219920886443j),(-37.2570379752654-116.219920886443j)
2.2586,(-37.7081515276941-116.883905703792j),(-37.7081515276941-116.883905703792j)
2.2603,(-38.0930946048925-118.364185687617j),(-38.0930946048925-118.364185687617j)
2.262,(-38.3427364701516-120.140439870772j),(-38.3427364701516-120.140439870772j)
2.2637,(-38.4400078080427-122.044728470683j),(-38.4400078080427-122.044728470683j)
2.2654,(-38.5300749864809-123.800174518433j),(-38.5300749864809-123.800174518433j)
2.2671,(-38.6220957782816-125.173699790409j),(-38.6220957782816-125.173699790409j)
2.2688,(-38.7000388513745-126.581407357779j),(-38.7000388513745-126.581407357779j)
2.2705,(-38.7867626003337-127.691229964114j),(-38.7867626003337-127.691229964114j)
2.2722,(-38.9493805748596-127.954914426835j),(-38.9493805748596-127.954914426835j)
2.2739,(-39.1514562372945-127.775506302366j),(-39.1514562372945-127.775506302366j)
2.2756,(-39.3429320271135-127.729130985066j),(-39.3429320271135-127.729130985066j)
2.2773,(-39.4950013964661-127.931916774706j),(-39.4950013964661-127.931916774706j)
2.279,(-39.5351903437383-128.515789933749j),(-39.5351903437383-128.515789933749j)
2.2807,(-39.4204460611244-129.408909709918j),(-39.4204460611244-129.408909709918j)
2.2824,(-39.1245432984142-130.150212325192j),(-39.1245432984142-130.150212325192j)
2.2841,(-38.720752749865-130.326441845205j),(-38.720752749865-130.326441845205j)
2.2858,(-38.3600552837717-129.63431738797j),(-38.3600552837717-129.63431738797j)
2.2875,(-38.1117410819471-128.589479745899j),(-38.1117410819471-128.589479745899j)
2.2892,(-37.9779787385277-127.482956392221j),(-37.9779787385277-127.482956392221j)
2.2909,(-37.8255372477871-126.611789106332j),(-37.8255372477871-126.611789106332j)
2.2926,(-37.6609010387929-126.056565122907j),(-37.6609010387929-126.056565122907j)
2.2943,(-37.5255742435319-125.904137442097j),(-37.5255742435319-125.904137442097j)
2.296,(-37.3825376534573-125.968187239166j),(-37.3825376534573-125.968187239166j)
2.2977,(-37.2493220235882-126.03356359059j),(-37.2493220235882-126.03356359059j)
2.2994,(-37.1078762658019-126.267165685582j),(-37.1078762658019-126.267165685582j)
2.3011,(-36.992086115074-126.523201162554j),(-36.992086115074-126.523201162554j)
2.3028,(-36.8891525379737-126.949833107451j),(-36.8891525379737-126.949833107451j)
2.3045,(-36.8089563813997-127.434519606707j),(-36.8089563813997-127.434519606707j)
2.3062,(-36.7596346323438-128.159058008173j),(-36.7596346323438-128.159058008173j)
2.3079,(-36.7555544493849-128.882277251841j),(-36.7555544493849-128.882277251841j)
2.3096,(-36.7843312549432-129.797494783706j),(-36.7843312549432-129.797494783706j)
2.3113,(-36.8676174655135-130.839108178267j),(-36.8676174655135-130.839108178267j)
2.313,(-36.9554322210997-131.997037719409j),(-36.9554322210997-131.997037719409j)
2.3147,(-37.1115471017628-133.24352965132j),(-37.1115471017628-133.24352965132j)
2.3164,(-37.3111917230009-134.504100736352j),(-37.3111917230009-134.504100736352j)
2.3181,(-37.5044892699869-135.437814226264j),(-37.5044892699869-135.437814226264j)
2.3198,(-37.619430717278-136.087018820246j),(-37.619430717278-136.087018820246j)
2.3215,(-37.7356823728023-136.497510874095j),(-37.7356823728023-136.497510874095j)
2.3232,(-37.8331451791604-136.843201704263j),(-37.8331451791604-136.843201704263j)
2.3249,(-37.9275840987797-136.982518534412j),(-37.9275840987797-136.982518534412j)
2.3266,(-37.996438626661-137.059279315612j),(-37.996438626661-137.059279315612j)
2.3283,(-38.0542899889551-136.939083537245j),(-38.0542899889551-136.939083537245j)
2.33,(-38.1030629356191-136.724041773374j),(-38.1030629356191-136.724041773374j)
2.3317,(-38.0976331297616-136.330118091479j),(-38.0976331297616-136.330118091479j)
2.3334,(-38.0703358338115-135.902427572024j),(-38.0703358338115-135.902427572024j)
2.3351,(-38.0418329549629-135.53288803448j),(-38.0418329549629-135.53288803448j)
2.3368,(-37.9675867895683-135.069031319445j),(-37.9675867895683-135.069031319445j)
2.3385,(-37.8932603271496-134.662584107777j),(-37.8932603271496-134.662584107777j)
2.3402,(-37.7552129977981-134.191156289318j),(-37.7552129977981-134.191156289318j)
2.3419,(-37.599604200856-133.780584276231j),(-37.599604200856-133.780584276231j)
2.3436,(-37.4398624937378-133.626531832302j),(-37.4398624937378-133.626531832302j)
2.3453,(-37.3421166922502-133.581374582188j),(-37.3421166922502-133.581374582188j)
2.347,(-37.249291412496-133.541373693849j),(-37.249291412496-133.541373693849j)
2.3487,(-37.191528916665-133.474821690308j),(-37.191528916665-133.474821690308j)
2.3504,(-37.1383242062224-133.640403571403j),(-37.1383242062224-133.640403571403j)
2.3521,(-37.0984138069004-133.819576639712j),(-37.0984138069004-133.819576639712j)
2.3538,(-37.0614495079773-134.112772933762j),(-37.0614495079773-134.112772933762j)
2.3555,(-37.0439694718334-134.552598663549j),(-37.0439694718334-134.552598663549j)
2.3572,(-37.0516892270139-134.990879877351j),(-37.0516892270139-134.990879877351j)
2.3589,(-37.0693948876574-135.619240493614j),(-37.0693948876574-135.619240493614j)
2.3606,(-37.0820706163575-136.208039588533j),(-37.0820706163575-136.208039588533j)
2.3623,(-37.1100264915417-136.846855187448j),(-37.1100264915417-136.846855187448j)
2.364,(-37.1431117964433-137.42642223214j),(-37.1431117964433-137.42642223214j)
2.3657,(-37.204963154388-137.895573762002j),(-37.204963154388-137.895573762002j)
2.3674,(-37.2606526270323-138.317163104284j),(-37.2606526270323-138.317163104284j)
2.3691,(-37.3444106946603-138.639235883278j),(-37.3444106946603-138.639235883278j)
2.3708,(-37.3983122712829-138.743473028761j),(-37.3983122712829-138.743473028761j)
2.3725,(-37.4717989837595-138.73124705917j),(-37.4717989837595-138.73124705917j)
2.3742,(-37.5229963186815-138.718401173598j),(-37.5229963186815-138.718401173598j)
2.3759,(-37.5655221972559-138.48045445445j),(-37.5655221972559-138.48045445445j)
2.3776,(-37.6024255513636-138.17822118191j),(-37.6024255513636-138.17822118191j)
2.3793,(-37.6382823546632-137.769045886554j),(-37.6382823546632-137.769045886554j)
2.381,(-37.6412619560742-137.300784961363j),(-37.6412619560742-137.300784961363j)
2.3827,(-37.6421270099112-136.823058357803j),(-37.6421270099112-136.823058357803j)
2.3844,(-37.6255849639106-136.119689115777j),(-37.6255849639106-136.119689115777j)
2.3861,(-37.594027319379-135.389420614836j),(-37.594027319379-135.389420614836j)
2.3878,(-37.5363512542468-134.628780795198j),(-37.5363512542468-134.628780795198j)
2.3895,(-37.4868679270075-133.729225961821j),(-37.4868679270075-133.729225961821j)
2.3912,(-37.4515017997377-132.790987411736j),(-37.4515017997377-132.790987411736j)
2.3929,(-37.4169093195166-131.827527540218j),(-37.4169093195166-131.827527540218j)
2.3946,(-37.3792593101899-130.927801802998j),(-37.3792593101899-130.927801802998j)
2.3963,(-37.3604886223343-129.977279068681j),(-37.3604886223343-129.977279068681j)
2.398,(-37.3383908285535-129.054671644766j),(-37.3383908285535-129.054671644766j)
2.3997,(-37.3159981966157-128.132872046581j),(-37.3159981966157-128.132872046581j)
2.4014,(-37.312382392613-127.368319264493j),(-37.312382392613-127.368319264493j)
2.4031,(-37.3253949503976-126.509336502733j),(-37.3253949503976-126.509336502733j)
2.4048,(-37.3613464145776-125.741617808638j),(-37.3613464145776-125.741617808638j)
2.4065,(-37.4169965965127-124.953558845753j),(-37.4169965965127-124.953558845753j)
2.4082,(-37.4865453228726-124.252215309778j),(-37.4865453228726-124.252215309778j)
2.4099,(-37.5747546222437-123.653044792264j),(-37.5747546222437-123.653044792264j)
2.4116,(-37.682852490149-123.046062671235j),(-37.682852490149-123.046062671235j)
2.4133,(-37.8100444978455-122.674112382119j),(-37.8100444978455-122.674112382119j)
2.415,(-37.9266590382666-122.668982267355j),(-37.9266590382666-122.668982267355j)
2.4167,(-38.0031996156149-123.081810306313j),(-38.0031996156149-123.081810306313j)
2.4184,(-38.0579626652596-123.669534784975j),(-38.0579626652596-123.669534784975j)
2.4201,(-38.0960361794259-124.484735721398j),(-38.0960361794259-124.484735721398j)
2.4218,(-38.1132950761419-125.551207021157j),(-38.1132950761419-125.551207021157j)
2.4235,(-38.0970387605499-126.799906472849j),(-38.0970387605499-126.799906472849j)
2.4252,(-38.0849864959558-128.061424490762j),(-38.0849864959558-128.061424490762j)
2.4269,(-38.0795199645566-129.214635633119j),(-38.0795199645566-129.214635633119j)
2.4286,(-38.0461228040616-130.521839674142j),(-38.0461228040616-130.521839674142j)
2.4303,(-37.9932915932478-131.853828378054j),(-37.9932915932478-131.853828378054j)
2.432,(-37.9432161960792-133.175851367931j),(-37.9432161960792-133.175851367931j)
2.4337,(-37.8838352696891-134.539600391907j),(-37.8838352696891-134.539600391907j)
2.4354,(-37.7974972480347-135.845693724401j),(-37.7974972480347-135.845693724401j)
2.4371,(-37.735836536998-137.298582363266j),(-37.735836536998-137.298582363266j)
2.4388,(-37.7247383791945-138.823005144114j),(-37.7247383791945-138.823005144114j)
2.4405,(-37.749711775147-140.310159380174j),(-37.749711775147-140.310159380174j)
2.4422,(-37.8345438868761-141.570894678786j),(-37.8345438868761-141.570894678786j)
2.4439,(-37.9806861939859-142.68940824086j),(-37.9806861939859-142.68940824086j)
2.4456,(-38.1390588592066-143.696105980693j),(-38.1390588592066-143.696105980693j)
2.4473,(-38.3052307414199-144.645540012374j),(-38.3052307414199-144.645540012374j)
2.449,(-38.4833164316207-145.199750675039j),(-38.4833164316207-145.199750675039j)
2.4507,(-38.660883511954-145.865790196015j),(-38.660883511954-145.865790196015j)
2.4524,(-38.7851618949516-146.322450980801j),(-38.7851618949516-146.322450980801j)
2.4541,(-38.8974425582151-146.550052493162j),(-38.8974425582151-146.550052493162j)
2.4558,(-38.9533567998903-146.514081107933j),(-38.9533567998903-146.514081107933j)
2.4575,(-38.9056147135932-146.385522894353j),(-38.9056147135932-146.385522894353j)
2.4592,(-38.7910002814406-145.951652560393j),(-38.7910002814406-145.951652560393j)
2.4609,(-38.6311760682141-145.66136618708j),(-38.6311760682141-145.66136618708j)
2.4626,(-38.4203909857468-145.18072046273j),(-38.4203909857468-145.18072046273j)
2.4643,(-38.1431798198938-144.508269864662j),(-38.1431798198938-144.508269864662j)
2.466,(-37.8226686842666-143.693956928564j),(-37.8226686842666-143.693956928564j)
2.4677,(-37.4662241126344-143.061481335433j),(-37.4662241126344-143.061481335433j)
2.4694,(-37.0773877127921-142.564437978814j),(-37.0773877127921-142.564437978814j)
2.4711,(-36.7226611052025-142.132617327585j),(-36.7226611052025-142.132617327585j)
2.4728,(-36.3957742153937-141.864884938519j),(-36.3957742153937-141.864884938519j)
2.4745,(-36.1014605652919-142.079685695511j),(-36.1014605652919-142.079685695511j)
2.4762,(-35.8513251781541-142.403699799591j),(-35.8513251781541-142.403699799591j)
2.4779,(-35.690583723034-143.128156547093j),(-35.690583723034-143.128156547093j)
2.4796,(-35.6095629045454-144.222366030536j),(-35.6095629045454-144.222366030536j)
2.4813,(-35.6328195144714-145.480499097824j),(-35.6328195144714-145.480499097824j)
2.483,(-35.789161025123-146.7723067163j),(-35.789161025123-146.7723067163j)
2.4847,(-36.1027924900771-147.627979902194j),(-36.1027924900771-147.627979902194j)
2.4864,(-36.5508386289343-147.146177840973j),(-36.5508386289343-147.146177840973j)
2.4881,(-36.722702924943-147.923175374426j),(-36.722702924943-147.923175374426j)
2.4898,(-36.9059514162457-149.511189186144j),(-36.9059514162457-149.511189186144j)
2.4915,(-37.0976669203381-150.729482783275j),(-37.0976669203381-150.729482783275j)
2.4932,(-37.2843461482026-151.391674337011j),(-37.2843461482026-151.391674337011j)
2.4949,(-37.4557553388163-150.773510015973j),(-37.4557553388163-150.773510015973j)
2.4966,(-37.5940538906376-147.830030823442j),(-37.5940538906376-147.830030823442j)
2.4983,(-37.713858662187-141.182655500613j),(-37.713858662187-141.182655500613j)
2.5,(-37.8077946577921-147.312795879218j),(-37.8077946577921-147.312795879218j)
