Frequency,S11 Re,S11 Im,S21 Re,S21 Im
800000000.0,-49.1052643219727,-38.0273406591679,0.00184600692492873,-29.7865579293844
801700000.0,-48.7919874908237,-28.6595467530436,0.00191822585838596,-29.8285032373797
803400000.0,-48.4453147556052,-20.602029610594,0.00195563303596705,-29.8796663975356
805100000.0,-48.1082707557502,-15.3375616627678,0.00220995394557465,-29.9214699610143
806800000.0,-47.8402351231521,-11.6489959247623,0.00240430256273368,-29.9609500696587
808500000.0,-47.6087407442128,-9.89056532987973,0.00274022070002889,-30.0010465028523
810200000.0,-47.4384561173154,-10.4456994689929,0.00338446258427418,-30.0501197442633
811900000.0,-47.2910754868444,-12.8388353576005,0.00401760175311126,-30.1035761218737
813600000.0,-47.1399006404139,-12.9359045492765,0.00492989689053393,-30.1567561555199
815300000.0,-47.088416358647,-13.7812072234685,0.00609504455770185,-30.2050310783811
817000000.0,-47.0490790809233,-15.4132973879788,0.00667778578208962,-30.2615114640334
818700000.0,-47.0406104013367,-18.0142367697349,0.00766278042181905,-30.3120723959341
820400000.0,-47.0569740370826,-20.8133872567992,0.00901082834378246,-30.3668346997276
822100000.0,-47.1876238705161,-24.0935547372608,0.0100177629397346,-30.4278312959291
823800000.0,-47.3083089229857,-27.8313260493014,0.0107925199781359,-30.4845879728803
825500000.0,-47.440791525886,-31.3201939974696,0.0113663474270795,-30.5443679186081
827200000.0,-47.6037839827828,-34.939898215773,0.0117030630854076,-30.6022411037686
828900000.0,-47.6716351560399,-38.1321715091732,0.0176594640558096,-30.6705526371686
830600000.0,-47.5045911817573,-41.0396703374163,0.0402711308855981,-30.7529500527052
832300000.0,-47.1346164774385,-43.2673784610907,0.0717328164372037,-30.8285915822116
834000000.0,-46.7068836478973,-44.7626012062469,0.101991137360889,-30.877266649878
835700000.0,-46.2404254004741,-45.6071542786815,0.121376248099839,-30.9179638581695
837400000.0,-45.8946606242404,-45.9499803414981,0.122629611786876,-30.9855837104706
839100000.0,-45.7911115443059,-40.0940530526288,0.120432021352174,-31.0569464093502
840800000.0,-45.6001161873934,-34.2111088416044,0.118152059780155,-31.1341199404171
842500000.0,-45.3621015119616,-28.727837371723,0.115747335681135,-31.202530778255
844200000.0,-45.0795786057326,-23.1759304477804,0.112717950705566,-31.2726261296151
845900000.0,-44.7729597792435,-18.0138324926616,0.109546159895498,-31.3368265113956
847600000.0,-44.3944577046887,-12.8172467844358,0.106085803727398,-31.3930700292171
849300000.0,-43.998298473,-7.73780269398866,0.102800006498435,-31.4544436536615
851000000.0,-43.6158030192818,-3.03476056457237,0.0994100178847999,-31.5133239572213
852700000.0,-43.2273724248054,1.40188993057266,0.0962060214451379,-31.5770430445815
854400000.0,-42.9886081625312,5.00739325649771,0.0879300493358321,-31.6377589029799
856100000.0,-43.0125460466873,8.42908128778414,0.064296533858709,-31.6796646784394
857800000.0,-43.1937158295343,11.3457031261381,0.0323080969318414,-31.7327394762986
859500000.0,-43.4291971464365,13.7825221439128,0.00182801956413408,-31.8129245376844
861200000.0,-43.6695106902837,15.9011705937678,-0.0177811422098767,-31.9010581688109
862900000.0,-43.7913618697469,17.7655737105143,-0.0182112448002157,-31.9632641924649
864600000.0,-43.7003858958146,13.7455655565134,-0.0155786418297586,-32.0242512498116
866300000.0,-43.6919732403735,9.79563282044231,-0.0126478063910371,-32.085796080076
868000000.0,-43.7509111968288,6.22351237005702,-0.00980472704451853,-32.1505836478863
869700000.0,-43.8770353213135,3.37456560414395,-0.00691190121789928,-32.2164582412576
871400000.0,-44.0661578744994,0.820505592946501,-0.00418176497141534,-32.290783757297
873100000.0,-44.3585685589946,-1.08512855717603,-0.00159635606758308,-32.3675111782239
874800000.0,-44.3678327172247,-2.14951457378376,0.000615571250231483,-32.4388739022156
876500000.0,-44.2194939431565,-3.24354396401002,0.00220518822801841,-32.5088817836724
878200000.0,-44.0216473360553,-4.00810931679742,0.00278855540806161,-32.5733909919042
879900000.0,-43.7409637862478,-4.18804241504269,0.0037527164321672,-32.632607615221
881600000.0,-43.4024451054141,-4.22800399940667,0.00320460582014554,-32.6980241899401
883300000.0,-43.016625795109,-4.2313181134742,0.0030727917396424,-32.7599277978673
885000000.0,-42.5601625518897,-4.07547101318266,0.0024655660772705,-32.8156757505554
886700000.0,-42.0641909232015,-3.85632867105572,0.000720753156460386,-32.8690182882241
888400000.0,-41.5239323083142,-3.67147879671559,-0.000968837679205687,-32.9200320979166
890100000.0,-40.9605800171379,-3.39799804163047,-0.00254323869368502,-32.9647295988353
891800000.0,-40.3699776896078,-3.24586280007255,-0.00428785148915668,-33.0090198784228
893500000.0,-39.7482722893267,-3.22367491281852,-0.00524890023488813,-33.0510254565737
895200000.0,-39.111205950306,-3.81049036365968,-0.00581654381360732,-33.0946031583558
896900000.0,-38.4865034362024,-4.53751489708793,-0.00658084867817553,-33.1345559851461
898600000.0,-37.8509437202604,-5.83914127691419,-0.0067837026826835,-33.1734127259137
900300000.0,-37.5915101093491,-8.07210103441213,-0.00656042100618478,-33.2196023962825
902000000.0,-37.6434410793682,-10.345046459771,-0.00527369797659151,-33.269871148635
903700000.0,-37.8799787015917,-13.0271075466814,-0.00386748447185338,-33.330815551798
905400000.0,-38.30519720346,-16.3331619562488,-0.00376696081247196,-33.3957779269489
907100000.0,-38.8378353990366,-20.1049479600104,-0.00322165817644876,-33.4674084107466
908800000.0,-39.5002865119561,-24.202802907663,-0.00402336232772193,-33.5399509506181
910500000.0,-40.2381972287504,-27.2186848093069,-0.0044800857303104,-33.6129074829518
912200000.0,-40.989983463098,-29.690177544593,-0.00352732002503471,-33.6865897423285
913900000.0,-41.735836495608,-30.7984692588228,-0.00428814253197387,-33.7651432740766
915600000.0,-42.411933589879,-31.1597340105509,-0.00471193837800216,-33.8388971291837
917300000.0,-42.9973332767515,-30.7997272314298,-0.00587562275729719,-33.9093147138149
919000000.0,-43.5167597027882,-29.8976840755105,-0.00694352836266792,-33.9777462774836
920700000.0,-43.9582117003371,-28.4855092566588,-0.00770825550369824,-34.0441018039974
922400000.0,-44.3062683201847,-26.6260676598135,-0.00836541503501639,-34.1072489939829
924100000.0,-44.5439187767551,-24.4823349102774,-0.0090292732727311,-34.1680966995809
925800000.0,-44.6943584468104,-20.9834599647073,-0.00815914246038364,-34.2336429094661
927500000.0,-44.6605033513185,-16.1453250154077,-0.00616964304746733,-34.3024530478043
929200000.0,-44.4053262575401,-10.4450038787756,-0.00222905222863545,-34.3654220042323
930900000.0,-43.9608720836583,-3.76138501039578,0.00319123855831225,-34.4241173288573
932600000.0,-43.3818574908843,3.79094931542655,0.00877020005585659,-34.4764253276007
934300000.0,-42.6835532969529,11.949962632499,0.0142578570236254,-34.5271243409027
936000000.0,-41.9494649726549,19.2796027790945,0.0191134129200493,-34.5772651501706
937700000.0,-41.2743156217927,26.0655351496681,0.0223612629605994,-34.6323831859125
939400000.0,-40.6785586433072,31.3094485866777,0.0257554817116411,-34.69061868335
941100000.0,-40.2111858662128,35.3135659092968,0.0270349338827517,-34.7525446027616
942800000.0,-39.9005927321261,37.7825670722699,0.0272237390123407,-34.8186802599983
944500000.0,-39.5719706387598,37.858312167745,0.0258487625996969,-34.8878991123935
946200000.0,-39.4304960008224,37.5130668716769,0.0257611940712527,-34.9616265631877
947900000.0,-39.5516338995628,37.0705318638468,0.0270756467756517,-35.0366940923002
949600000.0,-39.7901660941509,36.5688257726503,0.0282245550657333,-35.1185137930385
951300000.0,-40.0328022056234,35.3605248895119,0.0272724964507427,-35.1924553956078
953000000.0,-40.3146172794358,33.0367648898075,0.0243906681479878,-35.2597275194561
954700000.0,-40.6628707958749,30.1945213965356,0.0201604310036531,-35.3275751365815
956400000.0,-41.0681979269343,26.809307292067,0.0146971376688905,-35.396221389117
958100000.0,-41.5218062295993,22.9933575840182,0.00870624045424571,-35.4639494502625
959800000.0,-41.9937656290641,19.1684699716107,0.00325463373865045,-35.5264430921436
961500000.0,-42.4433304464937,14.8388466642474,-0.00226162427485139,-35.5945056374948
963200000.0,-42.8396685571823,10.6523936671429,-0.00710165335357233,-35.6558837426496
964900000.0,-43.1632976155486,6.51343995783952,-0.0114061502254489,-35.7164817763785
966600000.0,-43.3921785052787,2.78109160915273,-0.0143470978116691,-35.7755610725444
968300000.0,-43.5688549796085,0.026611940613187,-0.0151348713969172,-35.8331120554789
970000000.0,-43.8121318438154,-1.01245922374122,-0.0143881154786971,-35.8904992915374
971700000.0,-43.9154686498892,-2.18114725313579,-0.0155171668727429,-35.9463863050007
973400000.0,-43.8261975837763,-3.69337707880761,-0.0170875789698829,-36.0090320326925
975100000.0,-43.6902319896286,-5.80848811295064,-0.0176640365293009,-36.067822180131
976800000.0,-43.5939090070978,-8.18596162115191,-0.0179750649448903,-36.1308940598665
978500000.0,-43.512113703057,-10.9038688638015,-0.0174220268564804,-36.1967697901892
980200000.0,-43.4256080031021,-13.892942896476,-0.0170646749984529,-36.2639263493866
981900000.0,-43.3740162318684,-16.811611593318,-0.0168976569357744,-36.3329917756997
983600000.0,-43.3129810628751,-19.5312603454094,-0.0170625725122136,-36.3992564348474
985300000.0,-43.2643782841559,-22.334085087135,-0.0173885578415364,-36.4703814419105
987000000.0,-43.218938430081,-24.6512455771192,-0.01736998672973,-36.5400873569481
988700000.0,-43.1819476347823,-27.0006972758297,-0.0173184777671549,-36.6133100436458
990400000.0,-43.1754292684855,-29.0295124880709,-0.0177549596885056,-36.6789095105828
992100000.0,-43.1930533469119,-30.8519591053206,-0.0179595627632924,-36.7506915148002
993800000.0,-43.2079255358661,-32.6257362040861,-0.0179537893977805,-36.822179114676
995500000.0,-43.2130731203614,-34.1507485933862,-0.0184864877035539,-36.8987124459709
997200000.0,-43.1851580080767,-35.4666627625975,-0.0189726180960371,-36.9713004745187
998900000.0,-43.0882533783069,-36.7004559392627,-0.021103290654623,-37.0385499984951
1000600000.0,-42.9453554661531,-37.5181188836537,-0.0243151047067977,-37.1035110285366
1002300000.0,-42.7401811039933,-38.5622735034097,-0.0276641383485467,-37.1668250968241
1004000000.0,-42.5343510084272,-39.3204792266978,-0.0311453218040702,-37.2286179265693
1005700000.0,-42.3461112082231,-40.0001670918222,-0.0346390390268194,-37.2913466925407
1007400000.0,-42.1088075276491,-40.6159876908903,-0.0367562260900549,-37.3494746332763
1009100000.0,-41.8956010158059,-41.3387737722529,-0.0385605494897318,-37.4119543473669
1010800000.0,-41.6653288185026,-42.3113766596398,-0.0398322988514775,-37.4752566840206
1012500000.0,-41.4795208308657,-43.4768512707721,-0.0394025627266842,-37.5384024975054
1014200000.0,-41.3045219169271,-44.7237573948854,-0.0382179745460521,-37.6025489719007
1015900000.0,-41.1856214428416,-45.9681595589135,-0.0360245952985037,-37.6703991374415
1017600000.0,-41.2247225361481,-47.0649067752348,-0.0324690887623442,-37.7337199405554
1019300000.0,-41.4291069059592,-46.678083395768,-0.0278437041000703,-37.7897753740807
1021000000.0,-41.7497845981055,-44.2834079633299,-0.0222952805845625,-37.8434776794657
1022700000.0,-42.0890425787159,-41.2841916594636,-0.0172419097411673,-37.8974247736727
1024400000.0,-42.4933801017643,-37.7295282533527,-0.0116568458132312,-37.9495400140606
1026100000.0,-42.8949313583259,-33.462456397514,-0.00570951989248992,-38.0044118473858
1027800000.0,-43.2778317522423,-28.622976968396,-0.000352210310279794,-38.0600801885311
1029500000.0,-43.649674051784,-23.7118513382422,0.00491011501925158,-38.1113091624582
1031200000.0,-43.9935797985648,-18.7185488750405,0.00997835260287909,-38.1614305384927
1032900000.0,-44.3228749380622,-13.7947539470163,0.0137296508375445,-38.2174050445743
1034600000.0,-44.6370731706824,-9.12189869975977,0.0171326372445536,-38.2644485714833
1036300000.0,-44.9202654573201,-4.54183671365647,0.0202210035599225,-38.31578849529
1038000000.0,-45.1737846866186,-0.326351619098377,0.0213731120404064,-38.3637987588132
1039700000.0,-45.377771344035,3.67008131822662,0.0216264683674517,-38.4173279531532
1041400000.0,-45.5034633279446,7.2577534201962,0.0217820482843859,-38.4658788429906
1043100000.0,-45.4652956007502,10.2267718187966,0.0207174453741007,-38.518452406255
1044800000.0,-45.0673494141482,12.2411315443163,0.0260867055846399,-38.5982756576412
1046500000.0,-44.1163404016004,13.1628067150471,0.0592071655122896,-38.7130767130667
1048200000.0,-43.046454557791,13.7483147891162,0.108579717918376,-38.8016300815269
1049900000.0,-42.0220331980854,13.9316137246776,0.156787153484139,-38.8338495118141
1051600000.0,-41.3187110878696,12.6174018556054,0.186584403434101,-38.8477190202328
1053300000.0,-40.9765381367715,6.759318477839,0.186371092243199,-38.9142986919795
1055000000.0,-40.9514277135431,2.04268325210252,0.183866433207891,-38.9851259624729
1056700000.0,-41.0115455711713,-3.09997058647371,0.181639734218338,-39.0535055722877
1058400000.0,-41.1588520177123,-8.30367970137069,0.179701676893052,-39.1215451153562
1060100000.0,-41.3156339369474,-13.515831439591,0.178042422654519,-39.1958193013481
1061800000.0,-41.5541749257514,-18.7557949982917,0.176401481766565,-39.2665633273983
1063500000.0,-41.8477995826528,-23.5159368629775,0.174943660519461,-39.3440534883136
1065200000.0,-42.2826684189785,-28.2214381957054,0.174318731276576,-39.4156111427442
1066900000.0,-42.739614750143,-32.6000203227683,0.172910156176719,-39.4943319637799
1068600000.0,-43.3192959820838,-36.7763832335226,0.171136740765499,-39.5727029938025
1070300000.0,-44.2803429268913,-46.9042433814244,0.162459195540268,-39.6335401470792
1072000000.0,-45.2804897482829,-59.7079238863888,0.125561523645589,-39.6596177713791
1073700000.0,-46.1668557702667,-73.2859341512516,0.0734622314495961,-39.7186351685449
1075400000.0,-46.9009864110694,-87.0751178388501,0.0235212149983243,-39.8341414748439
1077100000.0,-47.3005157912535,-99.8046837545626,-0.00785999560375989,-39.9643068849652
1078800000.0,-47.3540930422143,-108.253170126456,-0.00801086108884429,-40.0449735015322
1080500000.0,-47.1443030008826,-117.74984253715,-0.00680410446325168,-40.1240864457581
1082200000.0,-46.9339117984091,-126.428689010294,-0.00570661670863836,-40.2015815068129
1083900000.0,-46.7832787568949,-134.728775932354,-0.00470835007678166,-40.2740080875045
1085600000.0,-46.8062211815365,-141.941943479458,-0.00410029178492113,-40.3493857568982
1087300000.0,-47.0785487892032,-146.675334680868,-0.0042155551719206,-40.4230700533005
1089000000.0,-47.285466399902,-147.762639749416,-0.00505647322383672,-40.4920671018208
1090700000.0,-46.9364549964531,-145.745012362402,-0.00668020372685706,-40.5551459688878
1092400000.0,-46.2814685229854,-143.150442902505,-0.00872942638956989,-40.6095627460039
1094100000.0,-45.558575881254,-140.164718068962,-0.0107079268533374,-40.6597160937754
1095800000.0,-44.6965806060042,-131.702188993998,-0.013613861967559,-40.7115812893274
1097500000.0,-44.2771894157661,-121.27584769352,-0.0162742342658593,-40.7616745256569
1099200000.0,-44.1546394172981,-110.058699414841,-0.0196254853219874,-40.8114658078915
1100900000.0,-44.1411369290966,-98.4725564881816,-0.0226713161052039,-40.8638650802149
1102600000.0,-44.2523443123482,-87.0795904474987,-0.0265469665006229,-40.9207503979322
1104300000.0,-44.4054977007835,-75.6765859396806,-0.0300050971801318,-40.9777588843445
1106000000.0,-44.5423698691688,-64.545440001599,-0.0327002376611457,-41.0365728930141
1107700000.0,-44.6628646797295,-53.4714985232767,-0.0348833236027032,-41.1042386718918
1109400000.0,-44.7024720387643,-42.9854621375793,-0.0367282400912574,-41.1689946665303
1111100000.0,-44.548135521976,-33.4743317054717,-0.0381189353973277,-41.2356178490364
1112800000.0,-44.0893850869242,-26.1685761323418,-0.0386074056393039,-41.3023262831376
1114500000.0,-43.6008349862866,-22.8800046996755,-0.0389098376973058,-41.3686263881802
1116200000.0,-43.5614876154207,-22.8329458783129,-0.0382072968681939,-41.4372284149068
1117900000.0,-43.4359791409937,-26.3304370072356,-0.0241080216841982,-41.5239781134129
1119600000.0,-42.9862842351329,-30.5627791202394,-0.00154428096043774,-41.6044493654125
1121300000.0,-42.3898248031839,-34.7449360501484,0.0228062543424339,-41.6607671085579
1123000000.0,-41.8668430290996,-38.5501802869228,0.0407421748479212,-41.7107066463006
1124700000.0,-41.5805446567325,-41.0642403129548,0.0473943852682335,-41.755974132368
1126400000.0,-41.418138011631,-40.0491579140899,0.0489342392046007,-41.8195072270852
1128100000.0,-41.1441732648778,-39.1887172746928,0.0505269490142324,-41.8780977510111
1129800000.0,-40.855054477262,-38.4534242173832,0.0517096640837267,-41.9346664163604
1131500000.0,-40.5424802265076,-37.758496159681,0.0528134420894237,-41.9898474275718
1133200000.0,-40.1723502237527,-37.4375464149274,0.052788101141778,-42.0341972241325
1134900000.0,-39.7404263951851,-36.9942275321672,0.0529090778302876,-42.0826613039888
1136600000.0,-39.3055324807703,-36.4860479558907,0.0529685322264867,-42.1265806131496
1138300000.0,-38.8552744595956,-36.0536562135208,0.0524304573760464,-42.1672006315404
1140000000.0,-38.4333737844734,-35.5267746301094,0.0514623600441437,-42.2100092588201
1141700000.0,-37.9727956697754,-34.6100536956237,0.048657357589199,-42.2537054531698
1143400000.0,-37.8775907837261,-30.4717326294895,0.0305849060667326,-42.2887084115136
1145100000.0,-38.0604930122662,-25.6705085456859,0.0023473816650891,-42.3346768911838
1146800000.0,-38.3149538611063,-20.9473766893692,-0.0289702914102277,-42.4051920987285
1148500000.0,-38.46936060528,-16.739108606379,-0.055234384803888,-42.4852576747094
1150200000.0,-38.3572929436902,-14.2040672983465,-0.0700039663737795,-42.5644930632753
1151900000.0,-38.1235341553853,-15.3551566644227,-0.0806665878739943,-42.6285044455997
1153600000.0,-37.9526456004048,-16.414296658433,-0.0901665851758557,-42.6987267142392
1155300000.0,-37.8554131410023,-17.4444190819992,-0.100004024159387,-42.7695667002601
1157000000.0,-37.8075992103329,-18.458235511267,-0.107429042029847,-42.8382324169752
1158700000.0,-37.8345342784434,-19.5207925417631,-0.111988626755581,-42.9149234617649
1160400000.0,-37.9679706496535,-20.7478683887673,-0.115109765505607,-42.992174652589
1162100000.0,-38.1918230213721,-22.0762885042352,-0.115904032282939,-43.0646962190985
1163800000.0,-38.739118140277,-23.2520378680188,-0.113216077623153,-43.1444901281801
1165500000.0,-39.4315164883984,-23.6287593787809,-0.108913452898442,-43.2260490422837
1167200000.0,-40.1135878782586,-23.8056782655216,-0.103980603526092,-43.3080838422332
1168900000.0,-40.7683753544698,-23.5664996454691,-0.0972606788265495,-43.3842106714729
1170600000.0,-41.3715563725082,-23.2181573645315,-0.089264316159707,-43.4542306598466
1172300000.0,-41.9498164086173,-23.1381003028281,-0.0808675971209007,-43.5187365461509
1174000000.0,-42.4909868699608,-22.9248270845516,-0.0719212175321137,-43.5770124440723
1175700000.0,-42.9644965429017,-22.4816435579683,-0.0635686741603675,-43.6398308897279
1177400000.0,-43.3860777065915,-22.0618567946464,-0.0547290620174974,-43.6988723651306
1179100000.0,-43.7556120287241,-21.6180976490561,-0.0472697387059296,-43.7495245128136
1180800000.0,-44.025466994946,-21.3990574395181,-0.0404967683611288,-43.7972900184092
1182500000.0,-44.2083010945062,-21.0572064087504,-0.0353350602952558,-43.8464567260935
1184200000.0,-44.2959213772493,-20.8510097814587,-0.0324221972743864,-43.8984672900158
1185900000.0,-44.2521808639779,-20.3256382781989,-0.0310727924544457,-43.9434099738972
1187600000.0,-44.0920721041757,-19.7493326223966,-0.0319369605000953,-43.9937704301306
1189300000.0,-43.6065279159919,-19.5342673454368,-0.0355359409207102,-44.045811132402
1191000000.0,-42.977443707335,-20.308229882701,-0.0388353203425979,-44.0960028749349
1192700000.0,-42.3614304746764,-21.7258415700412,-0.0409896648750479,-44.1500844207533
1194400000.0,-41.7848283885435,-23.8626628913605,-0.042117250819411,-44.2129386776727
1196100000.0,-41.2597383826479,-26.3821606946886,-0.0420334058189402,-44.2837160458445
1197800000.0,-40.758991785792,-28.8821393141176,-0.04110493968925,-44.3619609932215
1199500000.0,-40.2998621476239,-31.6172334518745,-0.0389297002082809,-44.4456144407283
1201200000.0,-39.943058836162,-34.4416781584906,-0.0368689739507539,-44.5216654567487
1202900000.0,-39.7005612798421,-37.3298700620082,-0.0352596390035209,-44.5945235249998
1204600000.0,-39.5303453701919,-40.0733213926085,-0.0333625302008541,-44.6729185369443
1206300000.0,-39.4634291946801,-42.5296759175289,-0.0306760560880787,-44.7436862061719
1208000000.0,-39.5108829302751,-44.9762836312433,-0.0290603217910631,-44.8147927199339
1209700000.0,-39.6894620348546,-47.0334262629988,-0.0268475747664801,-44.8737679164503
1211400000.0,-39.9802633790882,-49.0167309925501,-0.0256754492713368,-44.9394640375999
1213100000.0,-40.3418850870374,-51.1429740801741,-0.0267506160031884,-45.0031838768826
1214800000.0,-40.6475196269807,-53.3477591685726,-0.0330283329752935,-45.0578401364761
1216500000.0,-40.8983173326173,-55.3809206689308,-0.0439542303597826,-45.1129497022603
1218200000.0,-41.1271827780018,-57.2113866556773,-0.0585627589415553,-45.1656906611448
1219900000.0,-41.3219346689748,-58.9167281613752,-0.0759235157097549,-45.2187569256795
1221600000.0,-41.5283936121901,-60.2027544358137,-0.0949688778004333,-45.2641153092847
1223300000.0,-41.7401614224778,-61.226895072795,-0.114951933241234,-45.3066742649332
1225000000.0,-41.9658643737305,-61.8474318291642,-0.136375324956961,-45.3496620100994
1226700000.0,-42.176353767948,-62.2016083600663,-0.156022162243412,-45.4022947722421
1228400000.0,-42.3496870502707,-62.465515759815,-0.174180803148253,-45.4600388597855
1230100000.0,-42.5424239525402,-62.4724847018393,-0.189705963887378,-45.5248182477252
1231800000.0,-42.7490199843336,-62.2016555683965,-0.20287134081355,-45.5957904801536
1233500000.0,-42.9326163830032,-61.7684239096824,-0.210617598353853,-45.6663130029226
1235200000.0,-43.1230946730777,-61.2035743840048,-0.215150013383179,-45.7441604702625
1236900000.0,-43.0609356927622,-60.3437662469245,-0.206856075935949,-45.8302876592312
1238600000.0,-42.8589679970312,-59.0385663885956,-0.204339204119989,-45.8899045954876
1240300000.0,-42.7628360357514,-57.1282466456463,-0.197998047575529,-45.9476833572151
1242000000.0,-42.7292768120368,-54.8707783178891,-0.188513982454294,-46.0089175448424
1243700000.0,-42.7390770477217,-52.292266802992,-0.176692427283854,-46.0661344932464
1245400000.0,-42.7637600354343,-49.4256613942026,-0.162817969387948,-46.1205265376407
1247100000.0,-42.7830684130857,-46.5681960026522,-0.148388825778308,-46.1749925390947
1248800000.0,-42.794339862168,-43.797143810742,-0.133797763959522,-46.2282855275876
1250500000.0,-42.7668928336696,-41.3145071419676,-0.118883616979086,-46.2783831239418
1252200000.0,-42.68187732902,-39.031537894622,-0.10496423035462,-46.3292298358846
1253900000.0,-42.5620019598567,-36.7296952398367,-0.0928958636015601,-46.3755049954663
1255600000.0,-42.3587003946348,-34.6812375422731,-0.0826099708523355,-46.4159334815413
1257300000.0,-42.0746953629009,-33.0501202311205,-0.07437624106605,-46.465063262269
1259000000.0,-41.733339587154,-31.6739296981665,-0.0711682035674165,-46.5165179998343
1260700000.0,-41.2854821795792,-30.6084432812788,-0.0714569536103592,-46.565352783866
1262400000.0,-41.0423440833418,-30.2991378556829,-0.0835442332739127,-46.6085622219215
1264100000.0,-40.9205339828576,-30.6333392119296,-0.0870122567941155,-46.6777388102404
1265800000.0,-40.7766089027367,-31.656123440255,-0.0887034100845523,-46.7560285399176
1267500000.0,-40.6465626020485,-33.3357138045419,-0.0889306971014401,-46.8298150927177
1269200000.0,-40.5147343069052,-35.678142630885,-0.0884972751796735,-46.9083546247684
1270900000.0,-40.4068221510845,-38.616377544539,-0.0867980615230149,-46.9859292131096
1272600000.0,-40.3136116362989,-42.1182684522126,-0.0839374076611626,-47.0643423025639
1274300000.0,-40.2355853766342,-45.414472803545,-0.0802463819154961,-47.1431048390548
1276000000.0,-40.2149701941815,-48.4779038558212,-0.076083159650051,-47.2259325513325
1277700000.0,-40.2331129695003,-51.4863856118938,-0.0714356322450958,-47.3005893923466
1279400000.0,-40.2441593616027,-54.2939125633456,-0.0664795135664761,-47.3814928780011
1281100000.0,-40.2919268035949,-56.9704575508111,-0.0613301007778596,-47.4599323902532
1282800000.0,-40.3486566803519,-59.3206169128095,-0.0564870586242276,-47.5281146911755
1284500000.0,-40.4034962015738,-61.600271646691,-0.0510478251902182,-47.6026340605467
1286200000.0,-40.3152116178511,-64.1923403628498,-0.0450754633683259,-47.6721058473599
1287900000.0,-40.1478120053738,-66.4442142996253,-0.039018735902906,-47.7384164727681
1289600000.0,-39.883176035077,-68.5185541784313,-0.0325452841981011,-47.8107163793053
1291300000.0,-39.5703322558173,-70.2328447347221,-0.0264304429825286,-47.8793770104074
1293000000.0,-39.2306591726001,-71.5835938243988,-0.0212057393950571,-47.9462053602875
1294700000.0,-38.8838124183996,-72.5365979324984,-0.0149427126178606,-48.0118074428109
1296400000.0,-38.5460457136179,-73.1733758095033,-0.00976084867761417,-48.0774743223546
1298100000.0,-38.2157941923133,-73.4571846831395,-0.00518197483122401,-48.1396584702825
1299800000.0,-37.9167820633581,-73.9117086325417,-0.00176447316940617,-48.1979401017409
1301500000.0,-37.6272609091018,-74.4545261680673,0.00129961206831962,-48.2538269652109
1303200000.0,-37.3772430592574,-74.8264123683324,0.00345285352468558,-48.3097296325093
1304900000.0,-37.191814499577,-75.0711502820272,0.00562446131081459,-48.3639551412595
1306600000.0,-37.0367795878522,-74.8632273963771,0.00687662716822892,-48.4235134254563
1308300000.0,-36.9081309861737,-74.1038217982234,0.00618583312862409,-48.4846733737207
1310000000.0,-36.8510026326566,-73.5418411078839,0.00481026098325733,-48.5384462192729
1311700000.0,-36.9872133881496,-72.9414049652514,0.00248303298810279,-48.5997227866668
1313400000.0,-37.2168762159339,-72.4913049402132,-0.00107009844923321,-48.6648614455613
1315100000.0,-37.5897303708467,-71.9460178097061,-0.00596831850784305,-48.7272884806478
1316800000.0,-38.0609581352958,-71.4228474271253,-0.0114483679486461,-48.7834845917074
1318500000.0,-38.5937710720911,-70.8636959678116,-0.0170057802487124,-48.8466395947852
1320200000.0,-39.1709075550704,-70.0216479175258,-0.0229965561872843,-48.912916360149
1321900000.0,-39.8138171978302,-69.2301545891905,-0.0286622965778838,-48.9811258085042
1323600000.0,-40.4662123026522,-68.0188495934974,-0.0345895085596662,-49.0562806831982
1325300000.0,-41.1186943816793,-66.3886450388117,-0.0392197827960684,-49.1328631618412
1327000000.0,-41.6645835347699,-64.3025390389209,-0.0439958352517545,-49.2085770472452
1328700000.0,-42.138070528848,-62.104329725665,-0.04720188010317,-49.2915627378702
1330400000.0,-42.4619606037983,-59.5935703213318,-0.0496093770164152,-49.3684984162924
1332100000.0,-42.6725295104623,-57.5167370768193,-0.0518963512866345,-49.4434022034828
1333800000.0,-42.7909226591865,-56.8305539480202,-0.0508547519714379,-49.523038079948
1335500000.0,-42.7879249797745,-56.299948130979,-0.0493914643043422,-49.5943297882252
1337200000.0,-42.6739560616575,-55.8567767897499,-0.0464632176384948,-49.6689543925183
1338900000.0,-42.4892480667889,-55.5579728930421,-0.0422142291665336,-49.7404306912784
1340600000.0,-42.1980450356348,-55.3041061255019,-0.037021462021499,-49.8083747653845
1342300000.0,-41.8779369517467,-54.8873402415782,-0.0319679360988365,-49.8868020612162
1344000000.0,-41.5529393283123,-54.3349292702606,-0.0274244413365526,-49.957034110584
1345700000.0,-41.2211299761553,-53.7917757327575,-0.0236191110440977,-50.0292976701844
1347400000.0,-40.8496522814147,-53.0527530600388,-0.0203152633768105,-50.0983846166239
1349100000.0,-40.4880511093192,-52.4727888879834,-0.0163531991782923,-50.164436395505
1350800000.0,-40.1015706354883,-52.1407841347416,-0.0132358029621726,-50.2308073686651
1352500000.0,-39.8040679522273,-52.2031499588886,-0.0108770571994811,-50.300822722358
1354200000.0,-39.5440764966053,-52.4550929379481,-0.0096878602737912,-50.3667710944283
1355900000.0,-39.4000199356119,-53.1944726994335,-0.00915041148252096,-50.4350950423487
1357600000.0,-39.1205021884393,-55.1598057868406,-0.0277156654471997,-50.5177917762368
1359300000.0,-38.730298659929,-57.3247092969677,-0.0703999859731868,-50.6106011366193
1361000000.0,-38.2823912209879,-59.4301307206436,-0.13075902082999,-50.7066428621049
1362700000.0,-37.8468444689111,-61.3610205233609,-0.203568763864583,-50.7913716209938
1364400000.0,-37.4229064853096,-62.9849027885863,-0.283441783477541,-50.8642256614433
1366100000.0,-37.0393286048181,-64.3755941406159,-0.366375680097426,-50.9271744211383
1367800000.0,-36.6557572375902,-65.8053438552077,-0.44471058297427,-50.974266662949
1369500000.0,-36.2937789905228,-67.2722712786179,-0.514607988634193,-51.01267987975
1371200000.0,-36.0220153780487,-68.7971805506298,-0.569684061010185,-51.039997573809
1372900000.0,-35.8833222420816,-70.2801165445512,-0.605519692350694,-51.0677378288793
1374600000.0,-36.0027594533031,-71.6814224956024,-0.616615455127575,-51.1160901864967
1376300000.0,-36.1284763618016,-71.4920634438831,-0.61728979487747,-51.1736889262927
1378000000.0,-36.100483543787,-71.8259688031237,-0.617031280567083,-51.2326767779424
1379700000.0,-35.9901579733064,-72.4766755878722,-0.61704014980225,-51.2856626919042
1381400000.0,-35.8190098893712,-73.2995953807525,-0.616363627934968,-51.3399914562996
1383100000.0,-35.8667121655607,-72.840569495921,-0.596885698097578,-51.3769942586427
1384800000.0,-36.1195107630459,-71.4539761494717,-0.554421881346836,-51.4028921021484
1386500000.0,-36.5023460327765,-69.4159733098911,-0.494954560432454,-51.4340319301303
1388200000.0,-36.965338332359,-66.9850074251356,-0.424040563473696,-51.4697055134779
1389900000.0,-37.4584288950305,-64.251274558203,-0.346260644504836,-51.5230398281961
1391600000.0,-37.9566352134372,-61.277409348426,-0.265818092224372,-51.5814708063564
1393300000.0,-38.4225492636516,-58.0227652144285,-0.189476679175802,-51.6557490320242
1395000000.0,-38.8299967818673,-54.6379967727829,-0.1216817180001,-51.7382176309793
1396700000.0,-39.1167917213726,-51.1360943675477,-0.0675131884025439,-51.8274726820468
1398400000.0,-39.2436030825944,-47.6683388867971,-0.0330776811507449,-51.9176937338028
1400100000.0,-39.0457003855859,-44.4071670356954,-0.0229607709998182,-51.9870523617348
1401800000.0,-38.8516492932977,-42.7753925707397,-0.0227431414134202,-52.0433711978779
1403500000.0,-38.7801519874373,-40.7617030681591,-0.0227818771232865,-52.0880982379345
1405200000.0,-38.7811511053852,-38.6063641170959,-0.0217675899825923,-52.1424976106291
1406900000.0,-38.8195105081003,-36.5674785384012,-0.0214475787239102,-52.1999954325678
1408600000.0,-38.864847445652,-34.8737504978928,-0.0204909255691609,-52.2582103135256
1410300000.0,-38.88753146831,-33.4760302474693,-0.0196319216804033,-52.3160437844227
1412000000.0,-38.9164674316277,-32.4176406935553,-0.0182418718783733,-52.3733205623118
1413700000.0,-38.9578931505848,-31.7925663251912,-0.0169177080184908,-52.4347257284246
1415400000.0,-39.0140128482207,-31.631556063164,-0.0147822771780138,-52.4862607168394
1417100000.0,-39.1075555225467,-31.9840569699635,-0.0133908584561776,-52.5438360211106
1418800000.0,-39.2354769226812,-32.9199760023567,-0.0120702231603824,-52.5994237384797
1420500000.0,-39.3616172586735,-34.253544597409,-0.00985835386298406,-52.6615549049829
1422200000.0,-39.5060049488225,-36.1031141309803,-0.00901367790379857,-52.7202904709623
1423900000.0,-39.6699280829195,-38.4076000341255,-0.00683998276243882,-52.7787340411819
1425600000.0,-39.8437131548208,-41.0618766793909,-0.00590825257598189,-52.8387884808285
1427300000.0,-39.9954646242392,-44.2193391256135,-0.00459956578323703,-52.9027073993272
1429000000.0,-40.1566780977776,-47.5378859222913,-0.00347601580062738,-52.9730098291489
1430700000.0,-40.2376580161474,-50.4922262309389,-0.00310176471068666,-53.0431131940725
1432400000.0,-40.2707610819311,-53.2223124719211,-0.00206457573146369,-53.1117560670625
1434100000.0,-40.2506059277461,-55.9268693353954,-0.00127554004873985,-53.1832104929897
1435800000.0,-40.2075644043264,-58.3582552124184,-0.00107409576563002,-53.2498666498169
1437500000.0,-40.1301845642132,-60.835771491412,-0.00131357943299427,-53.3215429145814
1439200000.0,-40.0242055119992,-63.1669490777612,-0.00161137499620501,-53.3901314828564
1440900000.0,-39.9142747302141,-65.2366064919954,-0.00346552928259953,-53.4604947245062
1442600000.0,-39.7735090279369,-67.0927189698644,-0.00453858192595909,-53.5315031469475
1444300000.0,-39.6428377997123,-68.6415941734205,-0.00586012459356949,-53.6064153132942
1446000000.0,-39.5427055617765,-69.9231923154286,-0.00782981053202462,-53.6760722343337
1447700000.0,-39.5070347906968,-70.8299307171891,-0.00955006171854789,-53.7516228669893
1449400000.0,-39.4931266775323,-71.2560505540542,-0.0117303927033344,-53.8310436421827
1451100000.0,-39.5070333517093,-70.4714524998275,-0.0136256757994832,-53.9044258479835
1452800000.0,-39.3565621411074,-68.2446782868158,-0.0159973210521723,-53.9738799866456
1454500000.0,-39.2053936433893,-66.0752223229834,-0.0185163404572664,-54.0438605757278
1456200000.0,-39.1284277332496,-64.3868924480829,-0.0209460270802499,-54.1126983825962
1457900000.0,-39.0903351762519,-62.9391372856642,-0.0238730525153095,-54.1802851212276
1459600000.0,-39.0911384589038,-61.5269030655708,-0.0270729816623769,-54.2471882068847
1461300000.0,-39.1015746444956,-60.3680217504857,-0.0300282029072403,-54.3196839029876
1463000000.0,-39.1412346939939,-59.2578213828092,-0.0328050167716839,-54.3876363779311
1464700000.0,-39.1842175662484,-58.0677020439851,-0.0358134448849499,-54.4566309993731
1466400000.0,-39.2329088716577,-57.1330880079948,-0.0383655595073048,-54.5268182166747
1468100000.0,-39.2951353870935,-56.0027505647355,-0.0408967366468808,-54.5970114627902
1469800000.0,-39.3189985705772,-54.8207358139885,-0.0431521483937926,-54.6611772340974
1471500000.0,-39.3084297125422,-53.7770870124258,-0.0443700170937828,-54.7280635872966
1473200000.0,-39.2534925641587,-52.7529286565368,-0.0456980011042494,-54.7956265571401
1474900000.0,-39.1435118835111,-51.9282692085107,-0.0470555088875248,-54.8561550971044
1476600000.0,-39.03943407688,-52.2999763999861,-0.0416789717314304,-54.9452340258619
1478300000.0,-39.0558217616346,-54.7842471665341,0.00974563359759424,-55.1602307516277
1480000000.0,-38.9696720905268,-57.6563588880344,0.100206270256895,-55.3655586233614
1481700000.0,-38.8049357628198,-60.3616605373999,0.208715904970127,-55.4618984223739
1483400000.0,-38.6093592986317,-62.7721062385641,0.310352911906716,-55.4281587476603
1485100000.0,-38.4229081750998,-64.6005475268701,0.382145810431088,-55.3306200404941
1486800000.0,-38.2885411679491,-65.7890350493679,0.410014203226425,-55.2970981944309
1488500000.0,-38.353515900008,-65.8984522659039,0.414550027911903,-55.3528435349905
1490200000.0,-38.3499252900937,-65.8547674032358,0.419704880097042,-55.4081028251571
1491900000.0,-38.2912778567542,-65.4633776617371,0.424429382161145,-55.4647708296965
1493600000.0,-38.1606583811461,-65.0726769730672,0.428251829357141,-55.5207489643423
1495300000.0,-37.9936801711691,-64.6725370469999,0.43123307084816,-55.5759652598845
1497000000.0,-37.7941887501209,-64.2224933329226,0.434214496199278,-55.6254491118465
1498700000.0,-37.5424341945205,-63.7654802533285,0.437745324843007,-55.6690315393399
1500400000.0,-37.258816321818,-63.255991370124,0.44090759206917,-55.7161301442651
1502100000.0,-36.9849780933889,-62.7474661000151,0.438071313000522,-55.7440012086728
1503800000.0,-36.7880558354724,-61.3882376671984,0.389865786393921,-55.6532141683617
1505500000.0,-36.7091045936434,-59.5726206713016,0.303773477010597,-55.5706619535228
1507200000.0,-36.7507514396217,-57.9668293309849,0.19983179886867,-55.595976818372
1508900000.0,-36.8631935782767,-56.5387069947803,0.102487335818544,-55.7559813693787
1510600000.0,-37.0056945754461,-55.5897701695416,0.0354726796480913,-55.9769370668676
1512300000.0,-37.1503330753193,-55.17848840387,0.0125818712599448,-56.1357733566445
1514000000.0,-37.1241180693843,-55.6104094890243,0.0123551983240462,-56.2088684408589
1515700000.0,-37.2130787625328,-56.0033215475901,0.0117013181625309,-56.2832278095205
1517400000.0,-37.3780309179856,-56.4790491711842,0.0107585989429698,-56.3560415227927
1519100000.0,-37.6308782381638,-56.9295964411941,0.00952953083749696,-56.4340361672368
1520800000.0,-37.9256193097056,-57.2175838849868,0.00880805765398944,-56.5142928363913
1522500000.0,-38.3155561023898,-57.4355381398307,0.00615721357559837,-56.5919660988574
1524200000.0,-38.7370102657973,-57.584331893418,0.00217556641544526,-56.6655869449624
1525900000.0,-39.1615948442914,-58.0790519960105,-0.000940084880940834,-56.7383483722766
1527600000.0,-39.5257441754004,-58.7365649701886,-0.0032261149791226,-56.8118381624851
1529300000.0,-39.8034860013703,-59.4441250172425,-0.00529695482502881,-56.8808566208818
1531000000.0,-40.0130619225619,-60.2642247665568,-0.00771516461580197,-56.9493963257459
1532700000.0,-40.164548488002,-61.1383368256773,-0.00982831142245768,-57.0132291322826
1534400000.0,-40.2521249429807,-62.2561036298955,-0.0117158587242764,-57.0724058973083
1536100000.0,-40.2932871244668,-63.5656858649977,-0.0133200095201081,-57.1349994871843
1537800000.0,-40.2709983597025,-64.958902142512,-0.0144622247427338,-57.1905468866637
1539500000.0,-40.1877341786198,-66.5526914831103,-0.01435408483565,-57.2431530122155
1541200000.0,-40.053156621771,-68.4492023195223,-0.01462851217213,-57.292773992341
1542900000.0,-39.8778362488593,-70.4343957456427,-0.0142686979969205,-57.3381272309226
1544600000.0,-39.6743927398728,-72.6646157503941,-0.0130828843599386,-57.383316947486
1546300000.0,-39.4557088868544,-75.1983353702944,-0.0119697863406184,-57.4215395454764
1548000000.0,-39.1741339742139,-77.8577839647232,-0.00986450894615173,-57.4684759006057
1549700000.0,-38.8880976574777,-79.9888486386489,-0.00715155447717862,-57.5240782933394
1551400000.0,-38.6335153508582,-81.1170836542692,-0.0056125078598083,-57.5744183067991
1553100000.0,-38.3732907694875,-81.3113138341333,-0.0053244752499669,-57.6211924656767
1554800000.0,-38.1254569385861,-81.0612681279663,-0.00600296118066707,-57.6664655362623
1556500000.0,-37.9461628612572,-80.6754445428282,-0.00701261885303478,-57.716196522068
1558200000.0,-37.8329331009968,-80.2380695838103,-0.00878254795369067,-57.7675854774683
1559900000.0,-37.7670853937201,-79.6916320103346,-0.00987976921092327,-57.8238055193868
1561600000.0,-37.7532496146947,-78.9634949140705,-0.0116944130753664,-57.8778154134563
1563300000.0,-37.7960371542183,-78.2930119911098,-0.0139083189472857,-57.9284938150736
1565000000.0,-37.8828023898763,-77.5711527582462,-0.0160172371267118,-57.9840105496911
1566700000.0,-38.0207085105596,-76.7520152487919,-0.0180256581221148,-58.0415018161105
1568400000.0,-38.2002117440288,-75.8902076204667,-0.0189929785888687,-58.1060617082094
1570100000.0,-38.4051519472388,-74.9571059570912,-0.0201291222364012,-58.1687103553852
1571800000.0,-38.6576950557403,-73.9063570379283,-0.0206124007364745,-58.2337632557764
1573500000.0,-38.9149554944095,-72.7389471194874,-0.0204922215949498,-58.2983885021596
1575200000.0,-39.1125868891333,-72.3314778981026,-0.0199528220508936,-58.3651265673291
1576900000.0,-39.3167248773728,-72.4968907730205,-0.0180662971779113,-58.4340930496317
1578600000.0,-39.5296671027858,-73.0958079875837,-0.0156569132369899,-58.5004232978312
1580300000.0,-39.7385092350459,-74.0697103540185,-0.0135693496185139,-58.5685636288912
1582000000.0,-39.9104299264008,-75.025836084559,-0.010917233622892,-58.6328838193104
1583700000.0,-40.0309189616706,-75.8066166038878,-0.00825550290563726,-58.6981185828144
1585400000.0,-40.127381913687,-76.5506569129846,-0.00580658987900844,-58.7584578239018
1587100000.0,-40.1444745784635,-77.2821364251583,-0.00270484331589688,-58.8191906183062
1588800000.0,-40.1018399253121,-77.8654309745443,9.75134579081022e-05,-58.8845484391769
1590500000.0,-40.0316874350276,-78.542562282328,0.00254630869175858,-58.9472860971761
1592200000.0,-39.8974741960815,-79.132646072445,0.00534376288298369,-59.0063406104215
1593900000.0,-39.7002774485088,-79.7362420021465,0.00704785830870761,-59.0673466120091
1595600000.0,-39.4742091621798,-80.3956515761428,0.00886195389872088,-59.1207366266836
1597300000.0,-39.1836233148286,-80.8479872446098,0.0111869674897245,-59.1779062136292
1599000000.0,-38.8698607944822,-80.9912963369066,0.0141108913416374,-59.2408524981191
1600700000.0,-38.5824204539459,-80.6751151785641,0.0177956094820219,-59.2954283433917
1602400000.0,-38.2804402530763,-80.1216365979103,0.0218325735664228,-59.3532774537958
1604100000.0,-37.9934538487172,-79.4961632169942,0.0254353428549946,-59.4135554398204
1605800000.0,-37.7506501484212,-78.4512986731674,0.0291212075737597,-59.4760288443097
1607500000.0,-37.5154301488524,-77.1876207054233,0.0331208561044154,-59.5395936159071
1609200000.0,-37.2952955157635,-75.7198569541569,0.0376665188636691,-59.6009699074807
1610900000.0,-37.0907137317823,-74.0476285232238,0.0407995229098156,-59.6625170006427
1612600000.0,-36.9219272998884,-72.2371835630086,0.0425149186762937,-59.7209381533421
1614300000.0,-36.7932194040541,-70.4028471745538,0.0433709321419362,-59.782828087091
1616000000.0,-36.6825677576188,-68.3764005187881,0.0442582007736657,-59.838698804608
1617700000.0,-36.5983751797886,-66.3394069617887,0.0441164093517124,-59.9042167728112
1619400000.0,-36.5709042548783,-64.3851256747755,0.0422999597513087,-59.9631312541883
1621100000.0,-36.5656920763012,-63.7159404050989,0.040074704741611,-60.0207876203914
1622800000.0,-36.6079238429598,-63.0691793802638,0.0356007828358853,-60.0762900345976
1624500000.0,-36.6891401080221,-62.4741378900129,0.0300800112433654,-60.1282853743742
1626200000.0,-36.8237351887787,-61.9724593812832,0.0241097544874425,-60.1817178562087
1627900000.0,-36.9769621700673,-61.6957278461772,0.0165124906723629,-60.2373756596407
1629600000.0,-37.1744158470096,-61.4719655275233,0.00852016066932034,-60.2919102234065
1631300000.0,-37.3754625037442,-61.4378992814769,0.000780109953959852,-60.3450355961665
1633000000.0,-37.5995238182116,-61.4586195672374,-0.00840080926668508,-60.3996963313514
1634700000.0,-37.8284741534239,-61.6774998610279,-0.018260966852441,-60.4576288241797
1636400000.0,-38.0507331105479,-62.0206835626385,-0.0269085563720027,-60.515738794594
1638100000.0,-38.265463973228,-62.4612648235227,-0.0339614285298619,-60.5769062645247
1639800000.0,-38.4787073939298,-62.9586635691538,-0.0392581853261338,-60.6400510497142
1641500000.0,-38.6815370991369,-63.508676922138,-0.0454949686137861,-60.7095929626242
1643200000.0,-38.8610031771577,-64.2892971667385,-0.0495977496673439,-60.7755960088322
1644900000.0,-38.9961932004178,-65.3055099391133,-0.0515665980802304,-60.8392449726487
1646600000.0,-39.04831341608,-65.1983469771386,-0.0526571378681587,-60.9182157497424
1648300000.0,-39.058081131186,-65.7009715836811,-0.0512050660593721,-60.9989359332317
1650000000.0,-39.023962945897,-66.8066097202554,-0.0485265585761517,-61.0781398337278
1651700000.0,-38.9547307745048,-68.3705394115279,-0.0461528568704297,-61.1608086501479
1653400000.0,-38.8622820288716,-70.2362565109065,-0.0428930608544889,-61.2403865866399
1655100000.0,-38.7507301479875,-72.2807460548363,-0.0391525795666509,-61.318729258892
1656800000.0,-38.65699289582,-74.0962715905218,-0.0348746196779046,-61.395944059207
1658500000.0,-38.5722194258728,-75.72187997364,-0.0302780387414415,-61.4739217082901
1660200000.0,-38.4939670988935,-77.2207016047204,-0.0255247811056407,-61.5472515334077
1661900000.0,-38.4390400927768,-78.3747353407673,-0.0209626292018603,-61.6191892994564
1663600000.0,-38.4039318222977,-79.2347352171314,-0.0172802893617667,-61.6940027486789
1665300000.0,-38.351344908289,-79.7674393797257,-0.0142668352303582,-61.7606602253366
1667000000.0,-38.3165653028997,-80.0640112606634,-0.0107987085773785,-61.8234463553556
1668700000.0,-38.2938020920316,-79.9330711614645,0.00104291945128428,-61.9379686307517
1670400000.0,-38.2527032235671,-79.4765428662428,0.0658190991522465,-62.2982499055642
1672100000.0,-38.2387364897897,-78.7056332002023,0.186313874129203,-62.7955108349808
1673800000.0,-38.1786240457875,-77.4941364142622,0.361367936989029,-63.3139505542257
1675500000.0,-38.1131500362693,-75.9114666200431,0.58105019894341,-63.7172650722821
1677200000.0,-38.0061653425936,-74.0271902235658,0.82728660513855,-63.8963648256362
1678900000.0,-37.8805060696548,-71.8347512074011,1.0732536886935,-63.8057115459036
1680600000.0,-37.7359420659705,-69.4715670351377,1.29124743284474,-63.4971762170339
1682300000.0,-37.587236467573,-67.2134146936873,1.4619078878389,-63.0851910868248
1684000000.0,-37.4525950125129,-65.202840645067,1.57723234520927,-62.6994111877687
1685700000.0,-37.3460995317363,-63.3423359707833,1.63641388769646,-62.4625529155684
1687400000.0,-37.2775524448233,-61.8135695398254,1.64232678653364,-62.470015585308
1689100000.0,-37.3311333897237,-61.0159544157557,1.64202083028493,-62.525617750289
1690800000.0,-37.3793794626102,-61.3516609338918,1.64081349859236,-62.590227504887
1692500000.0,-37.3563600634926,-62.7577640909111,1.6396291823758,-62.6594968500517
1694200000.0,-37.3731148045666,-64.4852841097931,1.63092798841934,-62.6760617607313
1695900000.0,-37.4663679891253,-66.2848014751549,1.57149872940809,-62.4548012703432
1697600000.0,-37.6439817337337,-68.1816697716439,1.45698336960622,-62.086069874241
1699300000.0,-37.9483401520638,-69.7006533296579,1.28846259749396,-61.6941081799498
1701000000.0,-38.3346644810721,-70.9256809536659,1.07548175333437,-61.4112072197433
1702700000.0,-38.7729743796743,-71.5642692538348,0.835974622966883,-61.3518871786605
1704400000.0,-39.2641214483782,-71.7674979064197,0.596799221610358,-61.5561395565131
1706100000.0,-39.7005614850392,-71.6974054209093,0.385652513692672,-61.9818780541575
1707800000.0,-40.0720916823252,-71.627517498581,0.221360447766272,-62.5104164997631
1709500000.0,-40.3369040277529,-71.4504053580635,0.110881890139371,-63.0061076039805
1711200000.0,-40.502464863143,-71.2579734902167,0.0557104514777498,-63.3565178334376
1712900000.0,-40.5267934779097,-71.1126175442551,0.0526110953756704,-63.4606447778952
1714600000.0,-40.3708658539777,-70.741108954344,0.0536681066082593,-63.5153435816561
1716300000.0,-40.1736354155515,-69.8739944756968,0.0534321255221166,-63.5688887860009
1718000000.0,-40.2287447320932,-68.6171463246937,0.0507587033595204,-63.6450682191808
1719700000.0,-40.2358357765043,-67.1980486365232,0.0465139641481172,-63.718684908939
1721400000.0,-40.1654609124145,-65.8507478413455,0.0398638551895259,-63.7876236054863
1723100000.0,-40.0301302902451,-64.5231023252272,0.0322776123237253,-63.8596348750439
1724800000.0,-39.8161825429774,-63.6637142297114,0.0224732440864474,-63.9308485353259
1726500000.0,-39.5469122819436,-63.1270133562608,0.0118561146594247,-64.0077916067471
1728200000.0,-39.2487193070322,-63.280366323498,0.0013933239298536,-64.0814311672116
1729900000.0,-38.9309226404174,-64.0447736100715,-0.00935485460699225,-64.1633443990021
1731600000.0,-38.6564407336481,-65.2335403780737,-0.0202729972262812,-64.2390996439369
1733300000.0,-38.4140381623245,-66.6051661451772,-0.030732801304135,-64.3189657298752
1735000000.0,-38.2517075449861,-68.1128703590799,-0.0393240657446951,-64.398224974985
1736700000.0,-38.1145553502637,-69.5716841768536,-0.0461232225199889,-64.4801220894701
1738400000.0,-38.0593050929198,-71.0726552331902,-0.0517502337447444,-64.5649416035763
1740100000.0,-38.0489589526062,-72.2268245267267,-0.0546676338015951,-64.6448811565335
1741800000.0,-38.0671161271727,-72.9329496254373,-0.0552182183045128,-64.7185986847658
1743500000.0,-37.8576734415039,-73.1226151995247,-0.0526241585272357,-64.7639583262045
1745200000.0,-37.6307077243762,-73.3743611749746,-0.0496638900262036,-64.8098199852883
1746900000.0,-37.4200288195795,-73.4810278230396,-0.0467450983155479,-64.8473017561515
1748600000.0,-37.1957563596871,-73.4710233433244,-0.0440556734773914,-64.8849816184816
1750300000.0,-36.9925699335441,-73.4222712850959,-0.0406749903401723,-64.9292859209018
1752000000.0,-36.7827612301642,-73.3707908940131,-0.0371779454416434,-64.9733327809115
1753700000.0,-36.5948338321875,-73.2354098824609,-0.033217946817226,-65.0209021375955
1755400000.0,-36.4081076605859,-73.069271758074,-0.0292296648487377,-65.0663384465838
1757100000.0,-36.2272018773245,-72.9193796076855,-0.0247799847923,-65.1175876148624
1758800000.0,-36.0634358960881,-72.8871065492471,-0.0206067111163776,-65.174788098719
1760500000.0,-35.888753476842,-72.9948969358631,-0.0167464730561439,-65.2340036655422
1762200000.0,-35.7550783892916,-73.3036197655024,-0.0138321967512991,-65.2969996929999
1763900000.0,-35.6176413616557,-73.6120840120382,-0.0104283425529882,-65.3603679339752
1765600000.0,-35.5169973569228,-74.0860864488925,-0.00753021902812123,-65.427564462058
1767300000.0,-35.4769116094555,-74.6800974127298,-0.00524384337185921,-65.4962611800202
1769000000.0,-35.4969064492593,-75.3516944817874,-0.00390546608529112,-65.5655184640219
1770700000.0,-35.5897745820798,-76.032495769317,-0.00276462540745143,-65.6372631383459
1772400000.0,-35.7427147494589,-76.6249013118177,-0.00258337990572985,-65.7203932357883
1774100000.0,-35.9581947891324,-77.1627651656597,-0.00175772655760383,-65.7994929397027
1775800000.0,-36.2131093394226,-77.7967620291997,-0.00237777220241637,-65.8724565647203
1777500000.0,-36.5241085964877,-78.4556810195262,-0.00321585929190524,-65.9490266275217
1779200000.0,-36.8731991304821,-79.1304817198364,-0.00497608138174046,-66.0228145963429
1780900000.0,-37.2605087947273,-79.810747072961,-0.00684966107441775,-66.098541064092
1782600000.0,-37.6681240754867,-80.4625917507393,-0.00943376632175783,-66.1733905080294
1784300000.0,-38.0974497933646,-81.0446142841367,-0.0124409452125262,-66.2387798917792
1786000000.0,-38.5313736383921,-81.5561251033465,-0.0152300461797182,-66.3068044559374
1787700000.0,-38.9879116401179,-82.0806649176214,-0.0176831560194915,-66.3662789638516
1789400000.0,-39.4253670681744,-82.4946079345188,-0.0204301090368349,-66.4254348712769
1791100000.0,-39.7935846190845,-82.7953743981978,-0.0233507420613261,-66.4868953386593
1792800000.0,-40.1181218778754,-82.8882870981739,-0.0256699883084542,-66.5491044283526
1794500000.0,-40.38180911769,-82.9306728181553,-0.0273420705590154,-66.6141715483081
1796200000.0,-40.590860528874,-82.8135427647426,-0.0295319929478475,-66.6829644145825
1797900000.0,-40.717095159309,-82.9310775421838,-0.0309296232779473,-66.7438665111932
1799600000.0,-40.7960125737202,-83.0529967120502,-0.0328099474034948,-66.8086860739357
1801300000.0,-40.8054541736474,-83.1284378994699,-0.0334498849810344,-66.8794178128366
1803000000.0,-40.7590327955183,-83.0906967434262,-0.0342243004536998,-66.9440616571086
1804700000.0,-40.654547826179,-83.0539864404689,-0.0348122212922633,-67.0135255006317
1806400000.0,-40.4956348162019,-83.1487819288115,-0.0352113443121368,-67.0840941213664
1808100000.0,-40.3027921348531,-83.2521163580734,-0.0359288425915099,-67.1510424117089
1809800000.0,-40.082767497499,-83.3926684329681,-0.0356903031342973,-67.2205821305752
1811500000.0,-39.8295969110644,-83.543691447525,-0.0353899815576224,-67.2913335331462
1813200000.0,-39.533897039538,-83.4612413605725,-0.0346892976773542,-67.3625709578737
1814900000.0,-39.2514319901667,-83.2914965366108,-0.0333784505494206,-67.4352953919831
1816600000.0,-38.98767541094,-83.1626004600305,-0.0308557124588272,-67.5100691926825
1818300000.0,-38.7410739671069,-83.0977477533452,-0.0280916116582273,-67.5839891370464
1820000000.0,-38.5276796542045,-83.0991370979486,-0.0250795013413989,-67.6603714685056
1821700000.0,-38.3137558214035,-83.1951359734918,-0.022234137007007,-67.7265742661041
1823400000.0,-38.1580764323752,-83.1091397080839,-0.0180972103449504,-67.7988189598993
1825100000.0,-38.0086592496243,-83.0852045059744,-0.0144780672678591,-67.8708460416955
1826800000.0,-37.8876956284747,-83.1072160738442,-0.0103639804938397,-67.9411034188395
1828500000.0,-37.7889403299518,-83.2908712089167,-0.00645887243648907,-68.0098639004437
1830200000.0,-37.7198218325477,-83.581432250498,-0.00257604926008855,-68.0719831218566
1831900000.0,-37.6553936398243,-83.7977644953038,0.000331360820187577,-68.1324215068894
1833600000.0,-37.629851685967,-84.2917328864679,0.00331506021330456,-68.194606472762
1835300000.0,-37.5918483272251,-84.8979641567184,0.00515196639770546,-68.2543733398718
1837000000.0,-37.5612255410983,-85.5204785588944,0.00643628920297177,-68.3117529528168
1838700000.0,-37.4764993218025,-86.0658578017542,0.00635121963763968,-68.3764581672093
1840400000.0,-37.3713490857203,-86.5893495923379,0.00520228177521885,-68.4451241433393
1842100000.0,-37.2584213377617,-87.1516936917052,0.00387410190725999,-68.5100364123938
1843800000.0,-37.1227281764733,-87.8973368909741,0.00219928998176878,-68.5768803420989
1845500000.0,-36.9731737844693,-88.6166169115984,-6.56395096703173e-05,-68.6355458810466
1847200000.0,-36.8199180287425,-89.4091705357715,-0.00194910747772947,-68.7015264460767
1848900000.0,-36.6367025121329,-90.216023245875,-0.00511052576286062,-68.7636952451419
1850600000.0,-36.4534833555932,-91.0564197352567,-0.00813990553791368,-68.8265931708926
1852300000.0,-36.2703240529046,-91.7532899592549,-0.0120128271435959,-68.8880062590738
1854000000.0,-36.0802736065237,-92.3998575789585,-0.01499099863812,-68.9521517189826
1855700000.0,-35.8693109530546,-92.9429491892871,-0.0180264581340932,-69.0163342799751
1857400000.0,-35.6753262750224,-93.3546858411233,-0.0198909764296858,-69.0816684776522
1859100000.0,-35.4694515456105,-93.4372251878156,-0.0220330797824092,-69.146089547489
1860800000.0,-35.2898824907967,-93.3561360736449,-0.023311982839304,-69.206011759288
1862500000.0,-35.1850185858685,-93.4180581002321,-0.0238190304660826,-69.2683086654364
1864200000.0,-35.1886180431844,-93.7278238505815,-0.0243548606977708,-69.3241282402255
1865900000.0,-35.2826603379711,-94.1276392355239,-0.0249979243564275,-69.3714523511731
1867600000.0,-35.4431830640493,-94.4102113527109,-0.0259383094026091,-69.416387164187
1869300000.0,-35.6379225684317,-94.2884493321742,-0.0271397090742497,-69.4572108506649
1871000000.0,-35.8691888837418,-94.1117191498405,-0.0286345016136399,-69.4999965641492
1872700000.0,-36.0808583620954,-93.9497187555124,-0.0300399718437504,-69.5402671148792
1874400000.0,-36.2878508571746,-93.8256402659861,-0.0314763633950946,-69.5802750405431
1876100000.0,-36.4985861794836,-93.7591662391032,-0.0325091421898925,-69.6192036867948
1877800000.0,-36.6763282045361,-93.7695680157862,-0.0330367817605347,-69.6572925394512
1879500000.0,-36.8363951784687,-93.6657733669094,-0.0343548290897493,-69.6949919731839
1881200000.0,-36.987191696274,-93.5865165600347,-0.0349465359663038,-69.738195239731
1882900000.0,-37.1298231131599,-93.4580591782646,-0.0354634836987127,-69.775796847949
1884600000.0,-37.258805067883,-93.4055324898728,-0.0320798618442823,-69.8215595835716
1886300000.0,-37.3742768774975,-93.2810637662698,-0.00712543521207283,-69.9193367409981
1888000000.0,-37.4372753110288,-92.906260418923,0.0363004742923839,-70.0287732216896
1889700000.0,-37.4680702390185,-92.3920248691219,0.0934440400730526,-70.1324179280349
1891400000.0,-37.4352573176784,-91.8560984494081,0.158297635802857,-70.2176570877086
1893100000.0,-37.3698611066619,-91.4125115790089,0.223706601871053,-70.2744128773631
1894800000.0,-37.308412689839,-91.1694079957297,0.283353701418987,-70.3107783765738
1896500000.0,-37.2428200671925,-90.8682573953961,0.331091843191625,-70.3362041909741
1898200000.0,-37.2181932946354,-90.4460896096088,0.361480777953085,-70.3750850134697
1899900000.0,-37.2383975852926,-89.8877985047031,0.370875050365408,-70.4547046487166
1901600000.0,-37.1551107334737,-90.2615058450632,0.370474920778897,-70.5143239547947
1903300000.0,-37.1287575985407,-90.5405077134359,0.369345801788694,-70.5807509273998
1905000000.0,-37.135531905462,-90.7026148873124,0.368419418217614,-70.6562561999791
1906700000.0,-37.1820371131912,-90.821507042295,0.366862771149872,-70.7365309243895
1908400000.0,-37.2557668885651,-90.8879778947339,0.364643732735272,-70.8247855322011
1910100000.0,-37.3840053526338,-90.7599453220598,0.365492232607687,-70.9139519348686
1911800000.0,-37.5396315457971,-90.4074171382589,0.349601347325132,-70.9595798845605
1913500000.0,-37.7346271301704,-89.9642519542022,0.320144399245792,-70.9890281562785
1915200000.0,-37.965588893356,-89.5235970192453,0.28040880425237,-71.0204247463031
1916900000.0,-38.2113998658275,-89.0159219350472,0.235937828865258,-71.0785598765989
1918600000.0,-38.4711891925096,-88.7927373974577,0.192522056076572,-71.1595459050575
1920300000.0,-38.719085610244,-88.7647147002059,0.155610942749674,-71.2589911844445
1922000000.0,-38.9379988098845,-89.0657199068438,0.130508488312386,-71.3664873664882
1923700000.0,-39.14322593954,-89.601050255772,0.120935595293954,-71.4549600224064
1925400000.0,-39.3007386765776,-90.513295678283,0.130348637705406,-71.5075353958533
1927100000.0,-39.5168917401038,-90.5286604956343,0.145874780300992,-71.5819783396439
1928800000.0,-39.6602847526284,-90.6762715390241,0.157991322417203,-71.6499095220581
1930500000.0,-39.7337906146416,-91.0842118876532,0.164642321615417,-71.7124760515745
1932200000.0,-39.7882464271303,-90.1090001425433,0.165060128067554,-71.7701583920745
1933900000.0,-39.826255043271,-89.1221551557202,0.165482078823083,-71.8166490403055
1935600000.0,-39.7963993309089,-88.4067573946455,0.160248637984146,-71.8604569430301
1937300000.0,-39.7136200394836,-88.127496953628,0.150326913230156,-71.9052374164422
1939000000.0,-39.578782069931,-88.0679835253666,0.135893486789311,-71.9533841811233
1940700000.0,-39.3765110093082,-88.2950471522254,0.118960633538885,-72.0046236859275
1942400000.0,-39.1392818708094,-88.7343004925679,0.0992176472837607,-72.0553359725124
1944100000.0,-38.8449156385613,-89.0612329982771,0.0780918729510573,-72.1112138752395
1945800000.0,-38.5226850784817,-89.4714424382953,0.0562371515799408,-72.1740224478906
1947500000.0,-38.214210012674,-89.7947499270213,0.0357830130672565,-72.241530328664
1949200000.0,-37.8781212887373,-89.9717599266954,0.0171646206069573,-72.3191092988863
1950900000.0,-37.5582792601227,-89.9936907301746,0.000362427375707257,-72.3923872693619
1952600000.0,-37.2733079920041,-90.0041104762106,-0.0127457119192619,-72.461966007533
1954300000.0,-37.0228144135877,-90.0118641511234,-0.0222073151103737,-72.5345349025176
1956000000.0,-36.8093448979135,-90.01740416073,-0.026604751005996,-72.6020530195416
1957700000.0,-36.636262380475,-91.8259387642337,-0.024327560026015,-72.6678739612786
1959400000.0,-36.5197274406862,-94.1216430285913,-0.0224916181109139,-72.7357380671958
1961100000.0,-36.5198884684477,-96.6018997970577,-0.0207109296732929,-72.7919589150782
1962800000.0,-36.6872260115958,-98.853576959831,-0.0196503352397449,-72.8382272265257
1964500000.0,-36.8463064465542,-100.61078289391,-0.0195079699081591,-72.8879506593322
1966200000.0,-36.994246936945,-101.811821652461,-0.0200660974361038,-72.9383010376863
1967900000.0,-37.1458738138206,-102.754497074159,-0.0203487726978916,-72.9828616373353
1969600000.0,-37.2926452348658,-103.258156283771,-0.0214042423048581,-73.0259128898483
1971300000.0,-37.4313870499503,-103.512842837474,-0.0224266929609884,-73.0740865376609
1973000000.0,-37.5288153985973,-103.485303166243,-0.0243420702200169,-73.121860916956
1974700000.0,-37.6306919529836,-103.31816808132,-0.0272353268702895,-73.1638115545745
1976400000.0,-37.7263596442563,-102.822895520391,-0.0295265469446163,-73.2114064806571
1978100000.0,-37.8112794762012,-102.22097591972,-0.0321393852131891,-73.2579033284827
1979800000.0,-37.8722583449979,-101.438253767664,-0.0341997237737131,-73.300048327369
1981500000.0,-37.9400041388911,-100.512151783121,-0.0355954210679427,-73.350497310298
1983200000.0,-37.9595513356638,-99.197150831543,-0.036514331891439,-73.3984286729202
1984900000.0,-37.8986337467313,-97.4702638314305,-0.0366357508961006,-73.4597535736986
1986600000.0,-37.7332730437171,-95.4547325961986,-0.0364201015765148,-73.5296415516527
1988300000.0,-37.4223253682289,-93.4906833648702,-0.035768048967457,-73.6076728151747
1990000000.0,-37.1194437795429,-91.9594186979674,-0.0344052157189628,-73.6859376608343
1991700000.0,-36.8273110816924,-90.7754409774807,-0.0315178602297585,-73.764696200892
1993400000.0,-36.5519803410425,-89.8098618712302,-0.0281659600635638,-73.8490444341964
1995100000.0,-36.3037383653626,-89.1741882731446,-0.0250471272270393,-73.9353166368293
1996800000.0,-36.0689326412856,-88.6295285247295,-0.0210190481179455,-74.020596968182
1998500000.0,-35.8736673290522,-88.319142291525,-0.0167480856534624,-74.1065998963307
2000200000.0,-35.7022905327417,-88.1817449360405,-0.0119327013538354,-74.1873003582983
2001900000.0,-35.5468096768018,-88.3048063849051,-0.0074892271631321,-74.2691039330155
2003600000.0,-35.4127351367148,-88.4464303796799,-0.00187747369326412,-74.3550812587064
2005300000.0,-35.3188664721806,-88.7627683073316,0.00331052017400184,-74.4391522727179
2007000000.0,-35.2466060969803,-89.2296954036679,0.00755492423890304,-74.5178889910912
2008700000.0,-35.2129571156955,-89.8580453984852,0.0110015849370227,-74.602371813891
2010400000.0,-35.196684345631,-90.642257358324,0.0139002066994285,-74.6764231288777
2012100000.0,-35.2190840305845,-91.6151118638114,0.0157696496455854,-74.7501326649077
2013800000.0,-35.2757261282942,-92.714633574884,0.0168414337673346,-74.8258375462238
2015500000.0,-35.3718185859221,-93.9840694337816,0.0175437979866711,-74.895437329279
2017200000.0,-35.5046121576692,-95.3764301570568,0.017158551902843,-74.9629809450323
2018900000.0,-35.6529919840618,-96.9768489010359,0.0160090480466619,-75.0316594662475
2020600000.0,-35.8463025726287,-98.7890237620184,0.0151134848506787,-75.1012235203652
2022300000.0,-36.0754868194222,-100.856241293212,0.0135000760116654,-75.1681960525038
2024000000.0,-36.3310117103136,-103.032477428021,0.0109699103810644,-75.2394413346834
2025700000.0,-36.6330696849185,-105.570182670842,0.00851088032837402,-75.3181706417643
2027400000.0,-36.955521114472,-108.354271389568,0.00606131913146783,-75.3983233555448
2029100000.0,-37.2788213481763,-111.259971697075,0.00248593557115018,-75.4735102657856
2030800000.0,-37.5729763183489,-114.119007589538,-0.00148204153323102,-75.5538599076188
2032500000.0,-37.8170875627119,-116.746233761649,-0.00444525103260395,-75.6293717459397
2034200000.0,-38.0091876471611,-119.253201052159,-0.00755242561066679,-75.7033456881744
2035900000.0,-38.1858198893908,-121.604742143794,-0.0102263449723159,-75.7771327319358
2037600000.0,-38.3153433961071,-123.701611152242,-0.0133296034244403,-75.8464212216987
2039300000.0,-38.4234646133766,-125.614204722784,-0.0164382618492322,-75.9154790115475
2041000000.0,-38.4952383240561,-127.219014179468,-0.0192494717182541,-75.981319813815
2042700000.0,-38.5422522122184,-128.630397028279,-0.0212536435703638,-76.0527694783137
2044400000.0,-38.5671677089828,-129.636370402908,-0.0232157385470788,-76.1186044855767
2046100000.0,-38.5611564061959,-130.246555624006,-0.0252104776520676,-76.1858475209182
2047800000.0,-38.5280405483661,-130.412832196172,-0.0275497125388639,-76.2508082733505
2049500000.0,-38.4625445371981,-130.164570380534,-0.0284804210571273,-76.3055014974355
2051200000.0,-38.3686778001442,-129.224159037117,-0.0295308819545239,-76.3585836560527
2052900000.0,-38.240161229331,-127.459144197232,-0.0301416650146566,-76.4076053690831
2054600000.0,-38.0958973717678,-125.062870007911,-0.0302503704939883,-76.4568027867733
2056300000.0,-37.932771199948,-122.284489604749,-0.0305400934470894,-76.4912751159362
2058000000.0,-37.7788460689679,-119.612939635277,-0.0305532661280064,-76.5307453255643
2059700000.0,-37.6392014120644,-117.009931427831,-0.0302261486364046,-76.5718559742017
2061400000.0,-37.5051595335671,-114.563750320582,-0.0303556648978648,-76.6144435446963
2063100000.0,-37.3907147008969,-112.239238151064,-0.0301178456911783,-76.6579284455084
2064800000.0,-37.2586136560791,-110.060730442381,-0.0288940800522287,-76.7031752826248
2066500000.0,-37.1304702725448,-108.047884352423,-0.0281375565921645,-76.7540296020292
2068200000.0,-37.0036774854821,-106.218948073362,-0.0273654078655955,-76.8014437369639
2069900000.0,-36.866581155633,-104.530682062194,-0.0271621171086135,-76.8512312840709
2071600000.0,-36.726570118707,-103.20213670739,-0.0266753617796136,-76.9039540533956
2073300000.0,-36.5842628898562,-102.100792495652,-0.0260004478007018,-76.9544120222858
2075000000.0,-36.4384265876906,-101.330474956332,-0.026086084733286,-77.0134971641401
2076700000.0,-36.2798365382521,-101.012823393075,-0.0264515142794656,-77.0733485434463
2078400000.0,-36.1383986394237,-101.283170637426,-0.0267962728023713,-77.1289408484906
2080100000.0,-36.0208373318636,-102.203582039894,-0.0286658609489126,-77.1815663257521
2081800000.0,-35.9682875218635,-103.655716334668,-0.0291717843760867,-77.2462040886362
2083500000.0,-35.9496902481386,-105.214983591093,-0.0305763692755257,-77.309142359284
2085200000.0,-35.9573842598806,-106.855140742526,-0.0328381866669469,-77.362478782316
2086900000.0,-35.9853686665342,-108.54035418909,-0.0342394073936159,-77.4145298843684
2088600000.0,-36.0251909708692,-110.019250688739,-0.0353380134294474,-77.4713822096099
2090300000.0,-36.0815808439079,-111.267176673781,-0.0367518077989817,-77.5256010660932
2092000000.0,-36.1471919793532,-112.238801385372,-0.0370156969974806,-77.5776538891789
2093700000.0,-36.2157233072678,-112.722706200434,-0.0372687514277304,-77.6345192558905
2095400000.0,-36.3127141084895,-113.058252670798,-0.0374017607442312,-77.6888173493438
2097100000.0,-36.4033807415835,-113.041573207143,-0.0368241931244345,-77.7400119907965
2098800000.0,-36.4796069279951,-112.765304714264,-0.0361662697250746,-77.792058990123
2100500000.0,-36.5664131500277,-112.07728824407,-0.0371370178773194,-77.844786260271
2102200000.0,-36.8958066725238,-110.22044732157,-0.0615925097939002,-77.9089089179385
2103900000.0,-37.3128095424159,-106.342234757524,-0.104742255941229,-77.9863579133976
2105600000.0,-37.675938209254,-100.508679637683,-0.160170722900419,-78.0619220447748
2107300000.0,-37.9250460971167,-93.4987684773591,-0.224468905148148,-78.1346178723056
2109000000.0,-38.0988449601026,-85.7725421107329,-0.292692368638874,-78.2002932076581
2110700000.0,-38.2462652968373,-77.7790472299765,-0.360453475969877,-78.263634455556
2112400000.0,-38.4311415456797,-69.8366921331385,-0.423424062071695,-78.3187610027355
2114100000.0,-38.7380437570362,-62.6399516962443,-0.477071726453618,-78.367571358063
2115800000.0,-39.1449740999939,-57.4426398495106,-0.517653978511514,-78.4137001365462
2117500000.0,-39.4606987525224,-55.3217447900834,-0.539910560180072,-78.4669343577022
2119200000.0,-39.4810880234174,-54.8544005815575,-0.541878609918396,-78.5252581739487
2120900000.0,-39.5543384333249,-54.9215358742427,-0.542052805323861,-78.5919373186587
2122600000.0,-39.6923244181155,-55.5365497106463,-0.54212588831922,-78.6685638317897
2124300000.0,-39.9671152328916,-56.9934481211325,-0.541831312089943,-78.7593663592872
2126000000.0,-40.1818445918095,-58.7759957862245,-0.539730461894859,-78.8462183324511
2127700000.0,-40.1186571538163,-61.7167994554996,-0.513472060047851,-78.9179233560984
2129400000.0,-39.9665910775306,-66.685666895319,-0.468620001761251,-78.9842565535746
2131100000.0,-39.8315636655731,-73.3955239474556,-0.409611378678297,-79.0566517806692
2132800000.0,-39.7949700988953,-81.3491995876987,-0.342885667937707,-79.1297602070564
2134500000.0,-39.819953886229,-89.9668467325803,-0.271307130516575,-79.2071031396312
2136200000.0,-39.8464384939334,-98.633404387541,-0.199382913350239,-79.293736739945
2137900000.0,-39.8298011494722,-107.169022211958,-0.133405000982082,-79.3868668256017
2139600000.0,-39.6809324454735,-115.186424527438,-0.0762434295636817,-79.4857069457855
2141300000.0,-39.4303713538312,-121.423623555339,-0.03301531333067,-79.5818463341587
2143000000.0,-39.2649458253897,-124.765704255548,-0.00896664751578398,-79.6676528717471
2144700000.0,-39.3891129197171,-126.7751651032,-0.00668731535277172,-79.7487337620019
2146400000.0,-39.4510061652887,-128.324574697112,-0.00571637927208846,-79.8190105561658
2148100000.0,-39.4364394537077,-129.557581400716,-0.00557883975312206,-79.8776006465478
2149800000.0,-39.3231740130067,-129.5047956199,-0.00684047985559337,-79.9196596630683
2151500000.0,-39.2567493060683,-128.76819010752,-0.00921752988858526,-79.9656849164757
2153200000.0,-39.1948178291091,-127.382525572971,-0.011859213368115,-80.0095477911109
2154900000.0,-39.0924863872165,-125.286063553693,-0.0158195831283372,-80.0496052015332
2156600000.0,-39.0082230186146,-123.159235100335,-0.0204420255513512,-80.0944618135048
2158300000.0,-38.8938484710729,-120.856225427784,-0.023923634315594,-80.1435840100026
2160000000.0,-38.7747094339149,-118.605424638578,-0.0278901605338166,-80.1970351185012
2161700000.0,-38.6599774277641,-116.391914523043,-0.0318236751883218,-80.2493079773138
2163400000.0,-38.5163604859104,-114.217657141452,-0.0347098942835255,-80.302151006075
2165100000.0,-38.3724850008923,-111.954060179857,-0.0378826933572203,-80.3583006445781
2166800000.0,-38.2165106054485,-109.806697444425,-0.0400484654515714,-80.4175779155023
2168500000.0,-38.0633400253992,-107.799761044478,-0.0424305543830359,-80.4818079200809
2170200000.0,-37.9136528537797,-105.934805353613,-0.0433895111585487,-80.5389001289359
2171900000.0,-37.7510599662118,-104.238162833996,-0.0446191334094879,-80.601742330624
2173600000.0,-37.6615845115341,-102.972713822225,-0.0465696922900792,-80.664691058708
2175300000.0,-37.6283558503639,-102.951811575998,-0.0493513650536564,-80.7299051099015
2177000000.0,-37.7022435129616,-104.029816604773,-0.051875071399666,-80.786918310247
2178700000.0,-37.9149793872498,-105.869519812951,-0.0554339680514441,-80.8521344213762
2180400000.0,-38.2188762711629,-108.59264942302,-0.058582571603266,-80.9156799457482
2182100000.0,-38.6274144182984,-111.462631162402,-0.0619921146611362,-80.9769687817096
2183800000.0,-39.1251630294049,-113.758096146768,-0.0656372242434224,-81.0347418139971
2185500000.0,-39.635969247224,-115.391862191509,-0.0691015969103248,-81.0906598425829
2187200000.0,-40.0857601096477,-116.720354152662,-0.0727648415654611,-81.1471074007164
2188900000.0,-40.4171423722855,-117.699662187985,-0.0751170598648915,-81.2047502277587
2190600000.0,-40.6601164623439,-118.663231940965,-0.0774869765117861,-81.2560430421218
2192300000.0,-40.798824534062,-119.952487494426,-0.0778429748445539,-81.3065048730232
2194000000.0,-40.8406903458891,-121.494681080902,-0.0762130846174401,-81.3593038736581
2195700000.0,-40.8023028702471,-123.093671144938,-0.0741100184135644,-81.4150365311316
2197400000.0,-40.7344496999711,-124.70934997842,-0.0708493496822356,-81.4658512835498
2199100000.0,-40.6110296436225,-125.781345116083,-0.0672803109224695,-81.5228672541441
2200800000.0,-40.401465794133,-126.219512070319,-0.0620166721990771,-81.579668235692
2202500000.0,-40.0810466452873,-126.217279267676,-0.0564103919143325,-81.6402878171294
2204200000.0,-39.6530807755644,-125.988961035332,-0.0494640800903447,-81.6980643494002
2205900000.0,-39.1649790366083,-125.395327873817,-0.0422018607799791,-81.7555912568684
2207600000.0,-38.5756134334407,-124.820176667633,-0.0341227365304475,-81.8192392100346
2209300000.0,-37.9270003377944,-124.691369415579,-0.0265143941912401,-81.8849273898458
2211000000.0,-37.280272335233,-125.118391757407,-0.0196997595372185,-81.9510064845173
2212700000.0,-36.7040925152585,-125.733014324192,-0.0127015458949944,-82.0175338017718
2214400000.0,-36.2663357722166,-126.656521136,-0.00720584186862451,-82.0864846726374
2216100000.0,-35.9291778396433,-127.50945731518,-0.00184728285637298,-82.1568990641784
2217800000.0,-35.7170738790191,-127.825622644715,0.000653321728400122,-82.2290258389501
2219500000.0,-35.6056048410378,-127.764594289797,0.00180464082056101,-82.2973903124944
2221200000.0,-35.5853768983747,-127.4322464644,0.00156380844630865,-82.3671137959477
2222900000.0,-35.608227858965,-126.765102570581,0.000499045635098707,-82.4365169184502
2224600000.0,-35.6233859140376,-125.934768293991,0.00053701440880435,-82.4975007562998
2226300000.0,-35.6494959823367,-125.055704060412,0.000220412466901624,-82.5566849466293
2228000000.0,-35.6822290998436,-124.110412864363,0.000989013819018759,-82.6159452304027
2229700000.0,-35.7344989555725,-123.096768541209,0.00132090729399464,-82.6767945691029
2231400000.0,-35.8078936491018,-122.092221883406,0.00112843363928758,-82.7449452323982
2233100000.0,-35.8891601797767,-120.954782460438,0.00103773773657897,-82.8043062003248
2234800000.0,-35.9763221866755,-119.826777064867,0.0012526575508567,-82.8655870652314
2236500000.0,-36.0744067780026,-118.71805857701,0.00163049330447826,-82.9308131378656
2238200000.0,-36.1786710588833,-117.611975324488,0.00175182704695394,-82.9939301957603
2239900000.0,-36.2965571559888,-116.303107902512,0.00177268523954801,-83.0630906689555
2241600000.0,-36.4038937305431,-115.213461490405,0.00169698943243349,-83.1335231772649
2243300000.0,-36.5149869662365,-114.048796949077,0.00160141352383867,-83.2084275006551
2245000000.0,-36.6149072412078,-113.213145621637,0.0219281569715336,-83.4034894825302
2246700000.0,-36.6182274877844,-113.35404459091,0.101456164326404,-83.8681314084415
2248400000.0,-36.5855709157002,-114.118389241459,0.245448204080014,-84.4697996420473
2250100000.0,-36.552564881399,-115.007553187419,0.451720701105972,-85.0597207670032
2251800000.0,-36.5546262322929,-115.702302994868,0.706512435245359,-85.4562137536259
2253500000.0,-36.654729271759,-116.050505225232,0.979918326503427,-85.5320927476533
2255200000.0,-36.8817324177734,-116.022562856506,1.23468600092559,-85.2881151739827
2256900000.0,-37.2570379752654,-116.219920886443,1.44177665838725,-84.8381230666219
2258600000.0,-37.7081515276941,-116.883905703792,1.5858003689881,-84.3672081396236
2260300000.0,-38.0930946048925,-118.364185687617,1.66404036816712,-84.0318414779727
2262000000.0,-38.3427364701516,-120.140439870772,1.68293838496304,-83.9604075013936
2263700000.0,-38.4400078080427,-122.044728470683,1.68186748490395,-84.027036295041
2265400000.0,-38.5300749864809,-123.800174518433,1.67985768378892,-84.0886627740913
2267100000.0,-38.6220957782816,-125.173699790409,1.6775505973503,-84.1576978178896
2268800000.0,-38.7000388513745,-126.581407357779,1.67488010691974,-84.2235775682967
2270500000.0,-38.7867626003337,-127.691229964114,1.65045665034302,-84.1733036937372
2272200000.0,-38.9493805748596,-127.954914426835,1.56620612940662,-83.8486958200574
2273900000.0,-39.1514562372945,-127.775506302366,1.41699697770902,-83.38728263864
2275600000.0,-39.3429320271135,-127.729130985066,1.2042520063639,-82.9363871472982
2277300000.0,-39.4950013964661,-127.931916774706,0.943085171243921,-82.6796881727373
2279000000.0,-39.5351903437383,-128.515789933749,0.662232810401024,-82.7452548123918
2280700000.0,-39.4204460611244,-129.408909709918,0.400419718169157,-83.1285771765169
2282400000.0,-39.1245432984142,-130.150212325192,0.187107158923381,-83.7128082783875
2284100000.0,-38.720752749865,-130.326441845205,0.0370670403737336,-84.3219493985937
2285800000.0,-38.3600552837717,-129.63431738797,-0.0472385126509004,-84.791439697266
2287500000.0,-38.1117410819471,-128.589479745899,-0.0712567169319988,-84.9904724762208
2289200000.0,-37.9779787385277,-127.482956392221,-0.0746969183696252,-85.0542585156695
2290900000.0,-37.8255372477871,-126.611789106332,-0.076628518660888,-85.116717982329
2292600000.0,-37.6609010387929,-126.056565122907,-0.0761979322978062,-85.1703155508233
2294300000.0,-37.5255742435319,-125.904137442097,-0.07361047821216,-85.2176606606594
2296000000.0,-37.3825376534573,-125.968187239166,-0.0698453329860743,-85.2629144316461
2297700000.0,-37.2493220235882,-126.03356359059,-0.0648797889785715,-85.3120157441286
2299400000.0,-37.1078762658019,-126.267165685582,-0.0593568848836207,-85.3621254542508
2301100000.0,-36.992086115074,-126.523201162554,-0.0529198649891717,-85.4098694674642
2302800000.0,-36.8891525379737,-126.949833107451,-0.0461920726509979,-85.462016683743
2304500000.0,-36.8089563813997,-127.434519606707,-0.0388731968909443,-85.5140191580227
2306200000.0,-36.7596346323438,-128.159058008173,-0.0320370286211045,-85.5635224192936
2307900000.0,-36.7555544493849,-128.882277251841,-0.0247169252631142,-85.6160239701168
2309600000.0,-36.7843312549432,-129.797494783706,-0.0189750048851644,-85.6654778386944
2311300000.0,-36.8676174655135,-130.839108178267,-0.0130642172853668,-85.7150351821711
2313000000.0,-36.9554322210997,-131.997037719409,-0.00778063165766405,-85.7722958258971
2314700000.0,-37.1115471017628,-133.24352965132,-0.00297805309416743,-85.8222323661431
2316400000.0,-37.3111917230009,-134.504100736352,0.000558434184659965,-85.8701613202632
2318100000.0,-37.5044892699869,-135.437814226264,0.00158356409775892,-85.9235884861727
2319800000.0,-37.619430717278,-136.087018820246,0.00080386190900589,-85.976873543249
2321500000.0,-37.7356823728023,-136.497510874095,7.24120841835797e-05,-86.0316151256305
2323200000.0,-37.8331451791604,-136.843201704263,-0.00132371077189593,-86.0872019027754
2324900000.0,-37.9275840987797,-136.982518534412,-0.00315688457518806,-86.1466795565312
2326600000.0,-37.996438626661,-137.059279315612,-0.00554502467353416,-86.2151709548853
2328300000.0,-38.0542899889551,-136.939083537245,-0.00724610151275283,-86.2813099978118
2330000000.0,-38.1030629356191,-136.724041773374,-0.00887335706770395,-86.34478607024
2331700000.0,-38.0976331297616,-136.330118091479,-0.0101016477672564,-86.4091383328319
2333400000.0,-38.0703358338115,-135.902427572024,-0.0122757600632564,-86.4695029231876
2335100000.0,-38.0418329549629,-135.53288803448,-0.0132625055007583,-86.5333460950425
2336800000.0,-37.9675867895683,-135.069031319445,-0.0147506369418368,-86.5998728954216
2338500000.0,-37.8932603271496,-134.662584107777,-0.0165356172280582,-86.6617509286548
2340200000.0,-37.7552129977981,-134.191156289318,-0.0180859985733534,-86.7233355324047
2341900000.0,-37.599604200856,-133.780584276231,-0.019259895072536,-86.7913033550571
2343600000.0,-37.4398624937378,-133.626531832302,-0.0199526726943401,-86.8545616472349
2345300000.0,-37.3421166922502,-133.581374582188,-0.0205378079238952,-86.9184722456592
2347000000.0,-37.249291412496,-133.541373693849,-0.0213469658544313,-86.9846148238008
2348700000.0,-37.191528916665,-133.474821690308,-0.0222038199465611,-87.0544137228238
2350400000.0,-37.1383242062224,-133.640403571403,-0.0223544304259595,-87.1214106112375
2352100000.0,-37.0984138069004,-133.819576639712,-0.0233446831168774,-87.188017809209
2353800000.0,-37.0614495079773,-134.112772933762,-0.0250764833105468,-87.2559324126608
2355500000.0,-37.0439694718334,-134.552598663549,-0.0267490548243255,-87.3285900842461
2357200000.0,-37.0516892270139,-134.990879877351,-0.028178119718946,-87.4018188682668
2358900000.0,-37.0693948876574,-135.619240493614,-0.0292895708805622,-87.4807187285492
2360600000.0,-37.0820706163575,-136.208039588533,-0.030689263407252,-87.5580608240918
2362300000.0,-37.1100264915417,-136.846855187448,-0.032442332128346,-87.6390387907623
2364000000.0,-37.1431117964433,-137.42642223214,-0.0342225308744032,-87.7189966388888
2365700000.0,-37.204963154388,-137.895573762002,-0.0357390640716806,-87.8027634205268
2367400000.0,-37.2606526270323,-138.317163104284,-0.0367780378142942,-87.884663722047
2369100000.0,-37.3444106946603,-138.639235883278,-0.0375191575917135,-87.9667500834548
2370800000.0,-37.3983122712829,-138.743473028761,-0.0372271936642581,-88.0495229570648
2372500000.0,-37.4717989837595,-138.73124705917,-0.0371744682653885,-88.1271457985138
2374200000.0,-37.5229963186815,-138.718401173598,-0.0365312686441597,-88.1993478952471
2375900000.0,-37.5655221972559,-138.48045445445,-0.0355745632224599,-88.2716193544742
2377600000.0,-37.6024255513636,-138.17822118191,-0.0331993892307778,-88.3425106583818
2379300000.0,-37.6382823546632,-137.769045886554,-0.0309148480798459,-88.4090035978942
2381000000.0,-37.6412619560742,-137.300784961363,-0.0284820415345084,-88.4726348701189
2382700000.0,-37.6421270099112,-136.823058357803,-0.0261169157643068,-88.5341308469618
2384400000.0,-37.6255849639106,-136.119689115777,-0.0236512216354589,-88.5911655077372
2386100000.0,-37.594027319379,-135.389420614836,-0.0210259934462375,-88.641263842052
2387800000.0,-37.5363512542468,-134.628780795198,-0.017644845984582,-88.691441967666
2389500000.0,-37.4868679270075,-133.729225961821,-0.0144653654634834,-88.7369420042317
2391200000.0,-37.4515017997377,-132.790987411736,-0.0117681440026151,-88.7864520255392
2392900000.0,-37.4169093195166,-131.827527540218,-0.008927942218972,-88.832939145697
2394600000.0,-37.3792593101899,-130.927801802998,-0.00632362468178203,-88.8796809042873
2396300000.0,-37.3604886223343,-129.977279068681,-0.00455062275329338,-88.9274617186237
2398000000.0,-37.3383908285535,-129.054671644766,-0.00286314063123321,-88.9800457050022
2399700000.0,-37.3159981966157,-128.132872046581,-0.000343437595436978,-89.0303606045023
2401400000.0,-37.312382392613,-127.368319264493,0.00149987585364686,-89.0807005861591
2403100000.0,-37.3253949503976,-126.509336502733,0.00254493308108635,-89.1296270891774
2404800000.0,-37.3613464145776,-125.741617808638,0.00331465923740889,-89.1838736001532
2406500000.0,-37.4169965965127,-124.953558845753,0.00352296662134633,-89.238615368514
2408200000.0,-37.4865453228726,-124.252215309778,0.00348381808885149,-89.2973302844774
2409900000.0,-37.5747546222437,-123.653044792264,0.00310350188280893,-89.3517482065853
2411600000.0,-37.682852490149,-123.046062671235,0.00212110254202559,-89.4115267254117
2413300000.0,-37.8100444978455,-122.674112382119,0.000852966009903505,-89.4731286259866
2415000000.0,-37.9266590382666,-122.668982267355,-0.00038690410316948,-89.5438316157596
2416700000.0,-38.0031996156149,-123.081810306313,-0.00184312816110672,-89.6139867470246
2418400000.0,-38.0579626652596,-123.669534784975,-0.00375342100173757,-89.681471880287
2420100000.0,-38.0960361794259,-124.484735721398,-0.00594155436056456,-89.7449635926493
2421800000.0,-38.1132950761419,-125.551207021157,-0.00862463422906617,-89.8108336939222
2423500000.0,-38.0970387605499,-126.799906472849,-0.0110084303212734,-89.874790261275
2425200000.0,-38.0849864959558,-128.061424490762,-0.0143343672464818,-89.9421944732169
2426900000.0,-38.0795199645566,-129.214635633119,-0.0176361523794888,-90.0030597111541
2428600000.0,-38.0461228040616,-130.521839674142,-0.0200384666443183,-90.0675241960038
2430300000.0,-37.9932915932478,-131.853828378054,-0.0225338323843395,-90.122905679011
2432000000.0,-37.9432161960792,-133.175851367931,-0.0246457480214685,-90.1794942893302
2433700000.0,-37.8838352696891,-134.539600391907,-0.0266369921338345,-90.2369572041984
2435400000.0,-37.7974972480347,-135.845693724401,-0.0277726205792447,-90.297277733357
2437100000.0,-37.735836536998,-137.298582363266,-0.0292050376673783,-90.3543668455442
2438800000.0,-37.7247383791945,-138.823005144114,-0.0315083238708781,-90.4054382318877
2440500000.0,-37.749711775147,-140.310159380174,-0.0335989744096198,-90.4594164559624
2442200000.0,-37.8345438868761,-141.570894678786,-0.0362310363231027,-90.514702856223
2443900000.0,-37.9806861939859,-142.68940824086,-0.0385826689450663,-90.5716226227035
2445600000.0,-38.1390588592066,-143.696105980693,-0.0403950964357972,-90.6321875037108
2447300000.0,-38.3052307414199,-144.645540012374,-0.0420064630418801,-90.6960343887142
2449000000.0,-38.4833164316207,-145.199750675039,-0.0433330408772845,-90.757447226675
2450700000.0,-38.660883511954,-145.865790196015,-0.0437287241293441,-90.819395728084
2452400000.0,-38.7851618949516,-146.322450980801,-0.0441938859092613,-90.8931999420748
2454100000.0,-38.8974425582151,-146.550052493162,-0.0449804738147168,-90.9628785477245
2455800000.0,-38.9533567998903,-146.514081107933,-0.0443981219624334,-91.0410645021531
2457500000.0,-38.9056147135932,-146.385522894353,-0.0430725217757007,-91.1083985379392
2459200000.0,-38.7910002814406,-145.951652560393,-0.0413113876599779,-91.1700729075852
2460900000.0,-38.6311760682141,-145.66136618708,-0.0397304158956895,-91.2249157584968
2462600000.0,-38.4203909857468,-145.18072046273,-0.0382300276935463,-91.2861835894583
2464300000.0,-38.1431798198938,-144.508269864662,-0.0364961981276816,-91.3522514754142
2466000000.0,-37.8226686842666,-143.693956928564,-0.0351068544345578,-91.4108490527058
2467700000.0,-37.4662241126344,-143.061481335433,-0.0337888821808239,-91.4666556863759
2469400000.0,-37.0773877127921,-142.564437978814,-0.0329490420112325,-91.5269704598144
2471100000.0,-36.7226611052025,-142.132617327585,-0.0330542300127275,-91.584392772825
2472800000.0,-36.3957742153937,-141.864884938519,-0.0324678384169549,-91.6384669978365
2474500000.0,-36.1014605652919,-142.079685695511,-0.0315641213915544,-91.6981413988755
2476200000.0,-35.8513251781541,-142.403699799591,-0.0321090897763329,-91.7592671868185
2477900000.0,-35.690583723034,-143.128156547093,-0.0323243675593894,-91.8143606333686
2479600000.0,-35.6095629045454,-144.222366030536,-0.0325350091798538,-91.8754983994853
2481300000.0,-35.6328195144714,-145.480499097824,-0.0335547780448591,-91.9391163669887
2483000000.0,-35.789161025123,-146.7723067163,-0.0354461120361204,-92.0132285178042
2484700000.0,-36.1027924900771,-147.627979902194,-0.0377410223483029,-92.0907500314058
2486400000.0,-36.5508386289343,-147.146177840973,-0.0415036477166821,-92.1658092429648
2488100000.0,-36.722702924943,-147.923175374426,-0.042292949032298,-92.2553959093743
2489800000.0,-36.9059514162457,-149.511189186144,-0.0423534672519244,-92.3367365157164
2491500000.0,-37.0976669203381,-150.729482783275,-0.0419697382200496,-92.4226585655226
2493200000.0,-37.2843461482026,-151.391674337011,-0.0407860836473794,-92.5179328124714
2494900000.0,-37.4557553388163,-150.773510015973,-0.0391434733283658,-92.6029369733681
2496600000.0,-37.5940538906376,-147.830030823442,-0.0370418826975342,-92.6875305416053
2498300000.0,-37.713858662187,-141.182655500613,-0.0350049032229508,-92.7353892457339
2500000000.0,-37.8077946577921,-147.312795879218,-0.0337114056836779,-92.9176625633009
