Column1,Column2,Column3,Column4,Column5,Column6,Column7,Column8,Column9
42798500,0.140360403,-106.1045067,0.989203728,-16.018335,0.989281358,-16.01815303,0.140474257,-106.0380241
56964666.67,0.18406102,-111.2573131,0.981804247,-21.20637134,0.981871787,-21.20666996,0.184197903,-111.1935748
71130833.33,0.225536931,-116.3296239,0.972920209,-26.30922895,0.972989916,-26.30984746,0.225681051,-116.2768017
85297000,0.264467402,-121.296931,0.962823025,-31.31865955,0.962909636,-31.31952142,0.264611376,-121.2575154
99463166.67,0.300644403,-126.1620609,0.951898671,-36.21668817,0.951966331,-36.21827639,0.300766404,-126.1441645
113629333.3,0.333863492,-130.9161481,0.940583161,-41.00812504,0.94065731,-41.00861611,0.333941058,-130.9255225
127795500,0.364102509,-135.5461901,0.929078898,-45.68764081,0.929144323,-45.68738144,0.364125856,-135.5832314
141961666.7,0.391349925,-140.0785657,0.917627217,-50.25875506,0.917683614,-50.25941934,0.391336902,-140.1385915
156127833.3,0.415594315,-144.5026389,0.906670279,-54.71254759,0.906717166,-54.71329695,0.415544656,-144.5842555
170294000,0.436877528,-148.8255638,0.896357156,-59.07546022,0.896421442,-59.07616488,0.436760999,-148.9280379
184460166.7,0.455275473,-153.0519964,0.88681784,-63.33858599,0.886868799,-63.33971806,0.455103557,-153.1717546
198626333.3,0.470797274,-157.2087933,0.878241652,-67.5194055,0.878288886,-67.5208102,0.470592448,-157.3442889
212792500,0.483612334,-161.2874728,0.870889719,-71.62519974,0.870947535,-71.62547789,0.48336099,-161.4403155
226958666.7,0.493894107,-165.3067497,0.864694712,-75.67666424,0.864758354,-75.67746981,0.493569513,-165.479548
241124833.3,0.501692437,-169.2727494,0.859716174,-79.67209778,0.859768146,-79.67257929,0.50131419,-169.4697429
255291000,0.507064709,-173.20272,0.856117058,-83.63725989,0.856181653,-83.63891072,0.506652975,-173.4286135
269457166.7,0.510029399,-177.0905317,0.853844502,-87.57261639,0.853916137,-87.5739442,0.509585657,-177.3544758
283623333.3,0.510600417,179.0408722,0.852969686,-91.49761442,0.853023287,-91.49857836,0.510112385,178.7279522
297789500,0.508705648,175.1818718,0.853555805,-95.42094345,0.853636848,-95.42445536,0.508232762,174.8110862
311955666.7,0.50430614,171.3154126,0.855510929,-99.36415763,0.855579934,-99.36598599,0.503891627,170.8780236
326121833.3,0.497472618,167.4329104,0.858833681,-103.3297949,0.858890635,-103.332113,0.497105456,166.9162926
340288000,0.48816405,163.5166514,0.863511137,-107.3427403,0.863575398,-107.3448402,0.487840746,162.9041526
354454166.7,0.476318964,159.5661598,0.869390911,-111.4088651,0.869445507,-111.4075506,0.476035405,158.8469353
368620333.3,0.461926662,155.5622825,0.876371763,-115.5386989,0.876403566,-115.5391943,0.461669301,154.7243157
382786500,0.444874874,151.5049453,0.884406432,-119.739242,0.884442621,-119.7403954,0.444591539,150.533341
396952666.7,0.425012522,147.3896433,0.893379244,-124.0326494,0.893434838,-124.0329594,0.424677971,146.2598076
411118833.3,0.402273225,143.2157552,0.903044553,-128.4180005,0.903104615,-128.4206027,0.401869978,141.8953472
425285000,0.376597426,138.9746261,0.913234004,-132.903883,0.913285107,-132.9055648,0.376100312,137.4222945
439451166.7,0.347972048,134.6850607,0.923763171,-137.4956673,0.923842642,-137.4961011,0.347375972,132.8353807
453617333.3,0.316491035,130.3714528,0.934227663,-142.2026439,0.934292709,-142.2033909,0.315797278,128.1250377
467783500,0.282244434,126.0737547,0.944361632,-147.0102988,0.944425678,-147.0118186,0.281440452,123.2820919
481949666.7,0.245254826,121.8531005,0.953935226,-151.9267031,0.953986107,-151.9294981,0.244305645,118.2950303
496115833.3,0.205709555,117.8654174,0.962560585,-156.9378428,0.962595682,-156.9410901,0.204565558,113.1755261
510282000,0.163937295,114.3614823,0.96987427,-162.0399358,0.969927468,-162.0430515,0.162510353,107.8788696
524448166.7,0.120376831,112.0064534,0.97563838,-167.2149764,0.975680889,-167.2175354,0.118425539,102.31896
538614333.3,0.075953946,113.0549624,0.979559319,-172.4481813,0.979608674,-172.4501051,0.072798594,96.18771853
552780500,0.034098539,130.8338124,0.981432158,-177.7168016,0.981496258,-177.7220236,0.026379835,86.66308563
566946666.7,0.029867308,-140.6747081,0.981178635,176.998738,0.981223492,176.9961139,0.020822382,-83.27590868
581112833.3,0.070334806,-117.2180513,0.978771664,171.729427,0.978822392,171.7265223,0.067084375,-94.46614482
595279000,0.114478746,-115.3646952,0.974315862,166.4852718,0.974363987,166.4835486,0.112604604,-100.7588044
609445166.7,0.158108219,-117.4533381,0.967974439,161.2965119,0.968022166,161.2936603,0.156848198,-106.3474161
623611333.3,0.200264053,-120.8333781,0.959994881,156.1774305,0.960040721,156.1739193,0.199327291,-111.6669077
637777500,0.240301277,-124.7502979,0.950705448,151.1476683,0.950758409,151.141883,0.239555396,-116.8088571
651943666.7,0.277836993,-128.9119502,0.940339343,146.2077792,0.940390424,146.2060075,0.277247696,-121.7949785
666109833.3,0.312612746,-133.1765572,0.929293915,141.3844146,0.929329451,141.381377,0.312164323,-126.6392863
680276000,0.344390008,-137.4699582,0.917980751,136.6697141,0.91802094,136.667478,0.344012749,-131.3558835
694442166.7,0.373037337,-141.7441139,0.906666119,132.0650473,0.906711824,132.0642514,0.372727358,-135.9398162
708608333.3,0.398741718,-145.9830848,0.895567431,127.5644883,0.895604919,127.5612878,0.39852537,-140.4067581
722774500,0.421576008,-150.1764539,0.884950007,123.1683096,0.884972776,123.1645434,0.421450238,-144.7596629
736940666.7,0.441628536,-154.2987341,0.875062535,118.8636764,0.875094533,118.860116,0.441551288,-148.9944496
751106833.3,0.458898402,-158.3481262,0.865994684,114.6466552,0.866034299,114.6438796,0.458887238,-153.1217987
765273000,0.473508568,-162.3467451,0.857895546,110.5054339,0.85791262,110.5028947,0.473558346,-157.1668764
779439166.7,0.48545113,-166.2911645,0.850982842,106.4389728,0.851000691,106.4362609,0.485568613,-161.1297031
793605333.3,0.494740757,-170.1971823,0.845254161,102.4235054,0.845302353,102.4209663,0.494893548,-165.0322495
807771500,0.501545563,-174.0682781,0.840817302,98.45646535,0.840828998,98.4547637,0.501732681,-168.8876161
821937666.7,0.505995252,-177.9288955,0.837698328,94.51500697,0.837716902,94.51157334,0.506200113,-172.7176298
836103833.3,0.508152311,178.2231947,0.835778394,90.59570218,0.83580061,90.59191316,0.508373838,-176.5157609
850270000,0.508108326,174.3826749,0.835223455,86.68273373,0.835225258,86.67876112,0.508367734,179.7105577
864436166.7,0.505737558,170.5384529,0.835978716,82.76404976,0.835996209,82.76164043,0.506046245,175.9502828
878602333.3,0.500990619,166.675862,0.838035497,78.82619371,0.838050321,78.82298809,0.501363466,172.1974401
892768500,0.49381114,162.7810037,0.841428487,74.86396372,0.841427719,74.85997325,0.4942639,168.4430319
906934666.7,0.48402879,158.8350147,0.846138086,70.86071802,0.846138378,70.85738155,0.484563458,164.6686497
921100833.3,0.471651152,154.8286474,0.852077799,66.79827018,0.852093107,66.79618205,0.472295223,160.8628409
935267000,0.456765481,150.7494622,0.859026281,62.66952048,0.859056085,62.66353266,0.457534903,157.0152056
949433166.7,0.439418783,146.5862936,0.866924764,58.46576745,0.866942516,58.46122643,0.440280775,153.1208976
963599333.3,0.419388106,142.3431615,0.875663842,54.17636241,0.875703274,54.17336636,0.420365412,149.1949177
977765500,0.39661793,138.0242922,0.884932208,49.79354269,0.88497123,49.79001087,0.397711729,145.25063
991931666.7,0.371077032,133.6220297,0.894657112,45.3124749,0.894683886,45.31021812,0.372334984,141.3028169
1006097833,0.342483702,129.1150929,0.904670764,40.72956636,0.904719791,40.72600759,0.34394609,137.371014
1020264000,0.310753907,124.5127396,0.914703889,36.03792053,0.914744524,36.03349425,0.312497722,133.5098006
1034430167,0.276201254,119.8123519,0.924395902,31.23682298,0.924440267,31.23371282,0.278334742,129.77219
1048596333,0.239113314,115.0160087,0.93343471,26.33257369,0.933468512,26.32876934,0.24176244,126.2715231
1062762500,0.199650795,110.1653468,0.941509487,21.33853079,0.941536513,21.33349392,0.203012875,123.2526433
1076928667,0.15806574,105.3080752,0.948314502,16.2541664,0.948345071,16.24961909,0.162531458,121.178723
1091094833,0.114813491,100.5612327,0.953546491,11.10505271,0.953577695,11.10114844,0.121135712,121.1517536
1105261000,0.070330721,96.29058882,0.957034848,5.90915445,0.957059721,5.905488984,0.080499352,126.4929153
1119427167,0.024951011,95.37463124,0.958610203,0.678879133,0.958628721,0.674907392,0.046666663,150.0194525
1133593333,0.021423449,-104.1632819,0.95819855,-4.5627768,0.958219632,-4.566582746,0.044910946,-154.8960172
1147759500,0.06693152,-104.0879852,0.955760779,-9.788849374,0.955809224,-9.793706622,0.077585288,-128.7737125
1161925667,0.111385514,-108.2508144,0.951463036,-14.98463057,0.951511216,-14.98833945,0.117951579,-122.6982962
1176091833,0.154423459,-112.9535797,0.94542359,-20.12504385,0.945469422,-20.12741209,0.15910155,-122.4602885
1190258000,0.195709247,-117.8064306,0.937877572,-25.19582202,0.937901883,-25.20061575,0.199310835,-124.4290441
1204424167,0.234672806,-122.6449058,0.929137965,-30.18493492,0.929193623,-30.18812645,0.237531044,-127.3774915
1218590333,0.271085321,-127.4071066,0.919514029,-35.08282496,0.919575672,-35.08631787,0.273404304,-130.803958
1232756500,0.305100178,-132.1086148,0.909216905,-39.88314902,0.909275654,-39.88791513,0.307026806,-134.5053524
1246922667,0.33644005,-136.7257799,0.898623134,-44.5691796,0.898659419,-44.57491746,0.338074456,-138.3320819
1261088833,0.36467825,-141.2203244,0.888095791,-49.15515945,0.888143033,-49.15931208,0.366061043,-142.1710415
1275255000,0.389785417,-145.6107389,0.877815294,-53.64476144,0.877852759,-53.64946236,0.390990133,-146.0099187
1289421167,0.412039353,-149.9479741,0.867956327,-58.02832558,0.867974305,-58.03291023,0.41308088,-149.872945
1303587333,0.431485074,-154.216145,0.858937448,-62.31537391,0.858971375,-62.31946292,0.432408687,-153.7154856
1317753500,0.448110958,-158.3790656,0.8506942,-66.52804428,0.850744507,-66.53331002,0.448999599,-157.48376
1331919667,0.462223319,-162.4726174,0.843171918,-70.67735236,0.843226691,-70.68179441,0.463081159,-161.2164854
1346085833,0.47393997,-166.5307625,0.836725296,-74.75614728,0.836769757,-74.76104181,0.474716818,-164.9409568
1360252000,0.483251842,-170.5141871,0.831619137,-78.78182078,0.831671143,-78.78838375,0.483973455,-168.6107514
1374418167,0.490131991,-174.4223517,0.827647886,-82.77259156,0.82771295,-82.77907344,0.490913977,-172.2109091
1388584333,0.494357061,-178.3107816,0.824829471,-86.72038846,0.824887833,-86.72804462,0.495165269,-175.7888452
1402750500,0.495976796,177.7908405,0.823468928,-90.66036912,0.8235,-90.66820742,0.496728697,-179.3756804
1416916667,0.495417903,173.8859525,0.82346317,-94.61435369,0.823484002,-94.62111283,0.496103,177.031405
1431082833,0.492670607,169.9679976,0.824653752,-98.57148809,0.824680288,-98.5792742,0.493419239,173.4273672
1445249000,0.48753141,166.0386285,0.827061542,-102.5420215,0.827086313,-102.5478471,0.488370474,169.8291547
1459415167,0.480102916,162.0802582,0.830438451,-106.5493109,0.830454973,-106.5551217,0.481014654,166.2275002
1473581333,0.470408189,158.0803747,0.834843704,-110.5965383,0.834850177,-110.602954,0.471402071,162.6021886
1487747500,0.45813406,154.0441022,0.840477729,-114.7024578,0.840506053,-114.7082142,0.459317377,158.9678167
1501913667,0.443062365,149.9754937,0.847153573,-118.8706848,0.847162288,-118.8784492,0.444477614,155.3549993
1516079833,0.425175558,145.8178146,0.854658639,-123.119774,0.854644217,-123.1247312,0.426864805,151.7208891
1530246000,0.404490137,141.557767,0.86294806,-127.4416726,0.862957678,-127.4482472,0.406425317,148.0570961
1544412167,0.381173301,137.2116786,0.871798382,-131.872862,0.871816792,-131.8785794,0.383401868,144.386046
1558578333,0.355315673,132.8001153,0.880889711,-136.3956941,0.880907013,-136.4005439,0.357960823,140.7664127
1572744500,0.326759017,128.2973016,0.890023333,-141.0117,0.89005834,-141.0157542,0.329947602,137.2204803
1586910667,0.29538006,123.727003,0.899083022,-145.7170867,0.899128647,-145.7235901,0.299238673,133.8397451
1601076833,0.261325836,119.1128695,0.907685968,-150.5359973,0.907743715,-150.5414225,0.266073856,130.7386708
1615243000,0.224694086,114.4821634,0.915583347,-155.4437444,0.915636563,-155.4495123,0.230688164,128.1427994
1629409167,0.18551488,109.8448103,0.922554447,-160.439941,0.922622879,-160.4436895,0.193331198,126.4268692
1643575333,0.14426302,105.2996955,0.928332536,-165.5057084,0.928406381,-165.5145103,0.15477257,126.339092
1657741500,0.101718466,101.0846837,0.932577122,-170.645635,0.932641908,-170.650004,0.116691918,129.4913661
1671907667,0.058414346,98.15241142,0.935123994,-175.8203506,0.935203766,-175.8226651,0.082427269,140.0570007
1686073833,0.015113651,108.2239938,0.935900485,178.9864037,0.935976547,178.9777106,0.060911225,166.3354279
1700240000,0.030546999,-107.2966622,0.934844169,173.7880427,0.934921918,173.7845788,0.066921581,-158.6235987
1714406167,0.074146978,-106.5573519,0.931989882,168.6042485,0.932060029,168.5989794,0.09526547,-139.4384791
1728572333,0.117077363,-110.1236519,0.927430711,163.453673,0.927484722,163.4474176,0.131442004,-132.5623452
1742738500,0.158840647,-114.4459527,0.921301925,158.3529441,0.921367784,158.3476417,0.169500433,-131.0280066
1756904667,0.198859458,-118.9886778,0.91382619,153.3337533,0.913885596,153.3288832,0.207265396,-131.9090951
1771070833,0.236394055,-123.5977141,0.905360415,148.392231,0.905413388,148.3868972,0.243353415,-134.0107789
1785237000,0.27120557,-128.1926004,0.896183421,143.5398507,0.896240427,143.5361166,0.277028989,-136.7841969
1799403167,0.303515538,-132.7660657,0.886449845,138.7789874,0.886518617,138.7750481,0.308331082,-139.9794853
1813569333,0.333295138,-137.2875042,0.8764325,134.1244893,0.876490086,134.1215684,0.337406782,-143.4113169
1827735500,0.360288741,-141.714851,0.866504453,129.5614397,0.866580726,129.5565611,0.363986272,-146.9330175
1841901667,0.384616642,-146.0310207,0.856760696,125.0850305,0.856846429,125.0816395,0.387840736,-150.4799734
1856067833,0.406361676,-150.2737831,0.847392021,120.7018754,0.847479965,120.6961912,0.409054373,-154.0706957
1870234000,0.425303521,-154.4282374,0.838755092,116.4224618,0.838865866,116.417302,0.427701046,-157.6644333
1884400167,0.441211668,-158.4881292,0.831079669,112.2132103,0.831186761,112.2084422,0.44355114,-161.2152321
1898566333,0.45440024,-162.488532,0.824222404,108.0653141,0.824344629,108.0599502,0.456496495,-164.7341298
1912732500,0.465174312,-166.4817614,0.818279464,103.9744039,0.818414185,103.9695541,0.466837769,-168.2838385
1926898667,0.473599319,-170.4215623,0.813547798,99.93941407,0.813691722,99.93545194,0.47514549,-171.8386887
1941064833,0.479807506,-174.2948076,0.80987276,95.92544705,0.810025245,95.91969087,0.481467062,-175.3512458
1955231000,0.483935862,-178.1347831,0.806993784,91.94388255,0.807170246,91.93604813,0.485399829,-178.8054974
1969397167,0.485718235,178.0249917,0.805288657,87.97748088,0.805458744,87.9699056,0.486926879,177.7284183
1983563333,0.48507289,174.2444964,0.805033733,84.01432683,0.80521472,84.00391858,0.486374519,174.2512623
1997729500,0.482013173,170.4859103,0.806001803,80.03385954,0.806164513,80.0230637,0.483549548,170.8101168
2011895667,0.476385525,166.6697331,0.808054837,76.04872189,0.808213174,76.03400289,0.478063332,167.4120703
2026061833,0.468213152,162.8124353,0.811308251,72.02471457,0.811462638,72.00914287,0.46988245,163.9493686
2040228000,0.458030471,158.9662361,0.815563497,67.94745953,0.815683438,67.9279482,0.459569949,160.400124
2054394167,0.445684755,155.0616323,0.820648566,63.81002886,0.820749703,63.79391677,0.447491261,156.8535191
2068560333,0.430671697,151.1015284,0.826554105,59.63226262,0.826646724,59.6143937,0.433209324,153.3741433
2082726500,0.413306853,147.1341779,0.833252238,55.37752098,0.833305106,55.36272792,0.415916197,149.8778822
2096892667,0.39363321,143.174706,0.840462138,51.04897241,0.840509335,51.03293257,0.39581206,146.3541802
2111058833,0.370724213,139.1711622,0.848269526,46.62477292,0.848298681,46.61226587,0.373538372,142.8786974
2125225000,0.344620504,135.1289589,0.856428331,42.11826522,0.856429917,42.10469802,0.348809206,139.5217518
2139391167,0.31632337,131.0347386,0.864665023,37.51136106,0.864655744,37.50028311,0.32086525,136.294616
2153557333,0.286025138,126.9647164,0.872750617,32.81866925,0.872757296,32.80294512,0.290435065,133.2327233
2167723500,0.253072353,123.038337,0.880375077,28.0234296,0.88038688,28.01687947,0.258619184,130.4180061
2181889667,0.217581088,119.3413123,0.887385863,23.15612837,0.88738262,23.14730824,0.22519866,128.1732436
2196055833,0.180377729,115.9177447,0.893505075,18.20871281,0.893507384,18.20293133,0.189852703,127.0448411
2210222000,0.141858773,113.2584115,0.898483381,13.19426382,0.898505045,13.18466429,0.153678341,127.6939803
2224388167,0.102037645,112.7595804,0.902175331,8.118837615,0.902217421,8.115240941,0.118303555,131.5593947
2238554333,0.062109881,118.4438896,0.904447868,3.002657217,0.90451812,2.999573682,0.087084172,142.6698133
2252720500,0.029567873,151.9750078,0.905127839,-2.136911983,0.905188935,-2.140037263,0.068792084,166.7531716
2266886667,0.039406721,-138.3092786,0.904140173,-7.282802585,0.904210345,-7.284599172,0.073876337,-163.5340194
2281052833,0.076015518,-121.9713659,0.901554769,-12.4131485,0.901650905,-12.41516564,0.098277503,-145.2158255
2295219000,0.11570379,-120.1255298,0.897455388,-17.51061651,0.897570621,-17.51534419,0.13116235,-137.703563
2309385167,0.155238931,-121.6176658,0.891959106,-22.56459137,0.892094074,-22.56545563,0.166603182,-135.5233233
2323551333,0.19349823,-124.3516753,0.885155192,-27.56452053,0.885292914,-27.56606453,0.202355633,-135.7342567
2337717500,0.22986868,-127.8270102,0.877325397,-32.4868415,0.877469175,-32.49088683,0.237238747,-137.2890277
2351883667,0.264130706,-131.675175,0.868882707,-37.32319983,0.869022693,-37.32849141,0.270194424,-139.7092507
2366049833,0.296155295,-135.5911239,0.859974641,-42.07003136,0.860107742,-42.07388341,0.300937742,-142.5693843
2380216000,0.325461585,-139.5249365,0.850657863,-46.72747289,0.850765823,-46.73300511,0.329416323,-145.6576749
2394382167,0.351666661,-143.5191469,0.841417159,-51.28429485,0.841518859,-51.28930676,0.355172737,-148.9277105
2408548333,0.375133591,-147.5518383,0.832525489,-55.76126537,0.832652072,-55.76768032,0.378084274,-152.340973
2422714500,0.396418511,-151.5345766,0.823893635,-60.15771857,0.824025432,-60.16062143,0.398757063,-155.8038348
2436880667,0.415418603,-155.4538701,0.815503107,-64.47150049,0.815624432,-64.47674584,0.417345976,-159.2805465
2451046833,0.431783616,-159.3087101,0.807821887,-68.70138602,0.807955341,-68.70570282,0.433444548,-162.7427421
2465213000,0.445588579,-163.1183358,0.80108334,-72.87683836,0.801229349,-72.88390664,0.446935966,-166.1930505
2479379167,0.45701078,-166.8644038,0.795191059,-76.99224375,0.795324371,-76.99948442,0.458032541,-169.6106145
2493545333,0.465875858,-170.5679295,0.790206428,-81.05144812,0.790337152,-81.05817124,0.466685209,-173.0095844
2507711500,0.472105718,-174.2444992,0.786378808,-85.06732694,0.786509831,-85.07519031,0.472716306,-176.4005714
2521877667,0.476029556,-177.9250764,0.783640839,-89.07506675,0.783773508,-89.08328288,0.476411862,-179.80775
2536043833,0.478032835,178.4046864,0.781824309,-93.06761386,0.781944599,-93.07632051,0.478222239,176.7851609
2550210000,0.478124479,174.7549205,0.780897208,-97.04273023,0.781027935,-97.05120413,0.478152463,173.3859122
2564376167,0.475989103,171.1279381,0.781009354,-101.013665,0.781125573,-101.0225116,0.475911425,170.0018077
2578542333,0.471582631,167.5114987,0.782212925,-105.0109712,0.782339656,-105.0200799,0.471458639,166.6275111
2592708500,0.46489731,163.9052716,0.784423451,-109.0313051,0.784547591,-109.0414816,0.464835093,163.2705635
2606874667,0.455743384,160.2907893,0.787659919,-113.0746529,0.787771254,-113.0830687,0.455771652,159.9164641
2621040833,0.443956578,156.6495971,0.791990372,-117.162056,0.792113916,-117.1715864,0.444061011,156.5407694
2635207000,0.429826355,152.9802005,0.797186279,-121.3172835,0.797316622,-121.326845,0.430034134,153.1424873
2649373167,0.413680398,149.2796363,0.802985134,-125.5391724,0.803103971,-125.5503547,0.414036291,149.7221583
2663539333,0.395324137,145.5703241,0.809369229,-129.8156674,0.809478953,-129.8249729,0.395849675,146.3118805
2677705500,0.374483147,141.8827568,0.816317247,-134.1637716,0.816460796,-134.1746805,0.375216559,142.9424871
2691871667,0.3512285,138.2450838,0.82353483,-138.6023294,0.823698014,-138.6137256,0.352286041,139.6521615
2706037833,0.325522157,134.6704139,0.830894221,-143.12387,0.831048831,-143.1355347,0.327066109,136.4829655
2720204000,0.297008658,131.2109126,0.8384273,-147.7263953,0.838567673,-147.7358503,0.299205387,133.5221825
2734370167,0.265888521,127.946206,0.84586046,-152.4251891,0.846026226,-152.438417,0.26885192,130.8625195
2748536333,0.232869915,124.9909657,0.852755271,-157.214083,0.852904973,-157.2252535,0.236772179,128.6380194
2762702500,0.198395038,122.5655111,0.858935941,-162.0817103,0.859078067,-162.0932057,0.203523112,127.1322438
2776868667,0.162619641,121.2137385,0.864304157,-167.0161455,0.864462305,-167.026548,0.169448256,126.9848346
2791034833,0.126277601,121.9815988,0.868607917,-172.009795,0.868777709,-172.0233338,0.135526577,129.3034465
2805201000,0.091099545,127.3274372,0.871609682,-177.049619,0.871775917,-177.0617965,0.104009512,136.2493182
2819367167,0.061472084,144.1899965,0.873235463,177.8758912,0.873407426,177.8629116,0.079684918,152.002885
2833533333,0.051138302,-178.4199436,0.873431843,172.7847916,0.873612716,172.7744122,0.07195974,178.3031281
2847699500,0.070180022,-147.086981,0.87216251,167.6931761,0.872330923,167.6820014,0.085985904,-157.7682057
2861865667,0.102645394,-135.1014992,0.869465754,162.620461,0.869630294,162.6074706,0.113208391,-145.0005761
2876031833,0.138280538,-131.7335392,0.865434931,157.5797361,0.865619544,157.5650389,0.145333713,-139.7699568
2890198000,0.174310114,-131.9107914,0.860175195,152.5908085,0.860366719,152.5793104,0.178945355,-138.4176224
2904364167,0.209505749,-133.7273813,0.853861476,147.6610667,0.854038617,147.6478372,0.212394019,-139.0728183
2918530333,0.24302511,-136.3667097,0.846730064,142.7977847,0.846900909,142.7852998,0.244556897,-140.8136274
2932696500,0.274733752,-139.4801926,0.838930439,138.004679,0.839097761,137.9901391,0.275092262,-143.2264843
2946862667,0.304615473,-142.8723079,0.830609847,133.3093352,0.830788684,133.293107,0.303979155,-146.0568282
2961028833,0.332096571,-146.4056937,0.82218174,128.6988044,0.822358761,128.6852171,0.330717538,-149.115083
2975195000,0.356586791,-149.9807806,0.813903712,124.1806841,0.81408898,124.1664194,0.354645737,-152.2631982
2989361167,0.37824231,-153.632014,0.805858599,119.7337808,0.806032921,119.7200985,0.375741779,-155.5248154
3003527333,0.397357476,-157.3426711,0.798186338,115.3861888,0.798337968,115.3755607,0.394347298,-158.8838112
3017693500,0.413945596,-161.0598213,0.791161207,111.1091871,0.791318597,111.0948025,0.410590646,-162.283824
3031859667,0.428094036,-164.7300226,0.784724535,106.89061,0.784894137,106.8769875,0.42446979,-165.6570972
3046025833,0.440096137,-168.400433,0.77880847,102.7203694,0.778961003,102.7048956,0.43611221,-169.04134
3060192000,0.449966235,-172.0494615,0.773714896,98.62136069,0.773875451,98.60465638,0.445682563,-172.4228251
3074358167,0.457381205,-175.6391879,0.769724073,94.55870479,0.769903834,94.54277437,0.453056484,-175.7596652
3088524333,0.462190504,-179.1762333,0.766672024,90.52605014,0.766845626,90.50919677,0.457926462,-179.0260097
3102690500,0.464433368,177.2534517,0.764592964,86.50932522,0.764769129,86.49247856,0.460216225,177.7079349
3116856667,0.464269115,173.6663485,0.763703467,82.51697068,0.763883405,82.49837109,0.460183309,174.4164392
3131022833,0.461886181,170.0865311,0.763938576,78.5076276,0.76411905,78.48992419,0.458133064,171.1105131
3145189000,0.457423803,166.5020061,0.764994541,74.48715304,0.765171198,74.46955062,0.454106079,167.831254
3159355167,0.450895836,162.8824939,0.766850538,70.44621038,0.767027678,70.42685854,0.447984773,164.553774
3173521333,0.442310583,159.2902766,0.769663392,66.38170303,0.769830802,66.36181795,0.439761039,161.2675493
3187687500,0.43139971,155.7375882,0.773393736,62.27013283,0.773553939,62.25103651,0.42935846,158.0079016
3201853667,0.417765511,152.1769049,0.777928466,58.10819107,0.778095788,58.08871049,0.416615304,154.8249489
3216019833,0.401406793,148.5826738,0.783233312,53.88167909,0.783416941,53.85977124,0.401234516,151.6895673
3230186000,0.38268366,145.0025363,0.789259944,49.58740075,0.789410247,49.56515648,0.383129624,148.5607128
3244352167,0.361518614,141.446931,0.795823481,45.21313101,0.795966893,45.19190092,0.362726678,145.4694376
3258518333,0.337821738,137.9031489,0.802604365,40.75862861,0.802751736,40.73843037,0.340519237,142.4991871
3272684500,0.31207212,134.4151324,0.809392733,36.22335427,0.809521575,36.20191796,0.316385342,139.7128463
3286850667,0.284568995,131.1180309,0.816137173,31.61022236,0.816241087,31.58877144,0.289974987,137.207299
3301016833,0.254721836,128.1602997,0.822700579,26.91489259,0.822821268,26.89445614,0.26160124,135.1517314
3315183000,0.222279627,125.6591499,0.828771905,22.13779826,0.828896358,22.11757311,0.23185473,133.7756694
3329349167,0.188130319,123.8305045,0.834192371,17.28607448,0.834300008,17.26357563,0.200958702,133.4764523
3343515333,0.153308863,123.3333919,0.838825249,12.36393246,0.838928314,12.34271091,0.169512333,134.9773181
3357681500,0.11847722,125.625603,0.842484467,7.381704777,0.842583407,7.36067994,0.139496451,139.3241402
3371847667,0.085661182,133.8268084,0.844896828,2.359527307,0.845004719,2.342962489,0.11398268,148.073303
3386013833,0.061325786,154.4884383,0.846004321,-2.683699087,0.846096519,-2.706060026,0.097599074,162.9287484
3400180000,0.058318053,-171.6062642,0.845752191,-7.741876975,0.84584097,-7.762886473,0.096020362,-178.0201463
3414346167,0.07922496,-147.4435129,0.844130681,-12.79546878,0.844217157,-12.81512073,0.109844521,-161.717715
3428512333,0.111276782,-137.3833519,0.841167689,-17.83009069,0.84124499,-17.84773879,0.133831544,-151.5673635
3442678500,0.146235521,-134.0799392,0.836935656,-22.83701543,0.83701614,-22.85589721,0.163225045,-146.4894984
3456844667,0.180985764,-133.9523458,0.831639541,-27.78734782,0.831714737,-27.80455328,0.194798447,-144.6343973
3471010833,0.214890452,-135.5590957,0.82546493,-32.67603865,0.825534861,-32.69399621,0.226346588,-144.6130086
3485177000,0.247565462,-138.0549299,0.818604825,-37.49373584,0.818685218,-37.51067734,0.25672601,-145.714913
3499343167,0.278114155,-140.9491433,0.811209459,-42.23688425,0.811278923,-42.25435483,0.285431671,-147.6545561
3513509333,0.30617593,-144.1151609,0.803439661,-46.90174319,0.803499392,-46.91724771,0.312421166,-150.1233802
3527675500,0.332163337,-147.5449428,0.795469354,-51.48648188,0.795522782,-51.50289106,0.337789503,-152.8465671
3541841667,0.356286349,-151.082242,0.787514393,-55.98827517,0.787579787,-56.00301703,0.361169736,-155.734492
3556007833,0.378215444,-154.5726204,0.779777351,-60.40906126,0.77986058,-60.42731502,0.382114285,-158.7774228
3570174000,0.397473361,-158.0377727,0.772346015,-64.75440006,0.772416713,-64.76937785,0.400776641,-161.8939715
3584340167,0.413965161,-161.5535827,0.765485381,-69.01699494,0.765565727,-69.03437354,0.417220002,-165.0214957
3598506333,0.427879905,-165.0841838,0.759437365,-73.21514897,0.759534037,-73.23051159,0.430924208,-168.1673926
3612672500,0.439495125,-168.5867384,0.754169898,-77.36330013,0.754261322,-77.38224512,0.441894713,-171.3698798
3626838667,0.448818954,-172.0873091,0.749551303,-81.46530077,0.749621873,-81.48050322,0.450875271,-174.6170982
3641004833,0.456007181,-175.6029087,0.745707356,-85.51481484,0.745791837,-85.53419508,0.458197912,-177.8644663
3655171000,0.461311983,-179.0879333,0.742727582,-89.54171995,0.742813828,-89.55851631,0.463393262,178.9142608
3669337167,0.464762818,177.4787653,0.740550238,-93.55964966,0.740627815,-93.57877807,0.466359169,175.7003717
3683503333,0.465945593,174.0827264,0.739238794,-97.55440447,0.739318432,-97.57278576,0.467427605,172.4967355
3697669500,0.464579625,170.694083,0.73907597,-101.5343238,0.739166768,-101.5547203,0.4664478,169.3237169
3711835667,0.460856267,167.3042947,0.740011867,-105.5332266,0.740099487,-105.5513375,0.462804762,166.1776302
3726001833,0.454998254,163.9015527,0.741794744,-109.5647633,0.741878192,-109.5849031,0.456634754,163.004569
3740168000,0.447008747,160.4736843,0.744387893,-113.6175325,0.744471483,-113.6378319,0.448705626,159.7737968
3754334167,0.436902432,157.0299496,0.747914297,-117.6990933,0.748000853,-117.7195077,0.439112687,156.5369129
3768500333,0.424926731,153.5958719,0.752161404,-121.8332259,0.752259784,-121.8526411,0.427288425,153.3554515
3782666500,0.411103836,150.1848967,0.756819172,-126.0230011,0.75690568,-126.0440709,0.413189516,150.2008679
3796832667,0.394947435,146.8155386,0.762002689,-130.2626926,0.762100131,-130.2827037,0.397187477,147.0417168
3810998833,0.376012029,143.5179614,0.768030281,-134.5668447,0.768129654,-134.5878905,0.379009293,143.9767387
3825165000,0.354583463,140.2833803,0.774553087,-138.9614921,0.774667172,-138.9819138,0.358063572,141.0961842
3839331167,0.331000056,137.0978566,0.781093238,-143.4327535,0.781210925,-143.4553509,0.334489539,138.3267364
3853497333,0.30526445,134.041032,0.787723555,-147.9806353,0.78781021,-148.0022026,0.309070637,135.6009594
3867663500,0.277514453,131.2887122,0.794427596,-152.6124569,0.794526585,-152.6348778,0.282339103,133.1633767
3881829667,0.248279144,128.9139289,0.800732453,-157.3312272,0.800832507,-157.352363,0.254201743,131.3271806
3895995833,0.217782953,127.0615948,0.806351864,-162.1067063,0.806455439,-162.1304373,0.224497486,130.2153916
3910162000,0.186167419,126.2643192,0.811357225,-166.9457835,0.811450862,-166.9686021,0.193788552,130.0404927
3924328167,0.154155961,127.4238631,0.815657011,-171.8478458,0.815764607,-171.870462,0.163559282,131.6785789
3938494333,0.123062164,131.6819026,0.818953625,-176.8093077,0.819046072,-176.830305,0.135471584,136.5345663
3952660500,0.095622986,141.4075962,0.821097613,178.2019175,0.821183691,178.1765148,0.111629084,146.2336835
3966826667,0.078351881,159.851555,0.822062224,173.1904209,0.822137014,173.1666416,0.096567249,161.766086
3980992833,0.07877781,-176.4902664,0.821850917,168.1742871,0.821909481,168.1511315,0.095965822,-179.8243945
3995159000,0.095650016,-158.4040181,0.82040102,163.1627387,0.820465548,163.1403218,0.109855863,-164.9453337
4009325167,0.121747648,-148.6520735,0.817725441,158.1756819,0.817790132,158.1544699,0.133103774,-155.6751086
4023491333,0.151669171,-144.6675236,0.813935757,153.2256615,0.813985437,153.2004884,0.160931218,-150.7230142
4037657500,0.182822074,-143.7980182,0.809220281,148.326363,0.809265178,148.3044753,0.190164423,-148.7953018
4051823667,0.214105142,-144.4568872,0.803755996,143.4822705,0.803796935,143.4601166,0.219374834,-148.8625654
4065989833,0.244109185,-146.0353061,0.797661607,138.7091521,0.797685582,138.6886603,0.24820522,-150.0063507
4080156000,0.271562381,-148.3391292,0.791169546,134.0120834,0.791194921,133.9889536,0.275807862,-151.7336722
4094322167,0.296789898,-151.1279977,0.784571872,129.3952338,0.784581995,129.3746703,0.300823499,-153.9299385
4108488333,0.320414651,-154.1691551,0.777995436,124.8475267,0.77800056,124.8261127,0.323125331,-156.5464052
4122654500,0.341786248,-157.3264373,0.77142787,120.3747463,0.771450475,120.3565271,0.343794919,-159.4191958
4136820667,0.36044328,-160.5964081,0.765048516,115.9690173,0.765063531,115.9486207,0.363046215,-162.4016353
4150986833,0.377174121,-163.9591111,0.759039566,111.6283682,0.759051584,111.6103105,0.379906905,-165.4147736
4165153000,0.39233412,-167.3350674,0.753556419,107.3471777,0.753586998,107.3272507,0.394174959,-168.4687784
4179319167,0.404911867,-170.6445782,0.748659869,103.130406,0.74869334,103.1128994,0.406473169,-171.570533
4193485333,0.414358692,-173.9465177,0.744530714,98.95965176,0.744548702,98.94060599,0.416659785,-174.6763632
4207651500,0.421363483,-177.3270243,0.74130929,94.82265326,0.741327947,94.80679826,0.423986494,-177.7363139
4221817667,0.42647693,179.2421377,0.738934636,90.70484129,0.738960386,90.6851279,0.428692378,179.1810002
4235983833,0.429352898,175.8558664,0.737352669,86.61542061,0.737377477,86.60053595,0.431562543,176.013271
4250150000,0.429812944,172.4697982,0.736544822,82.53050241,0.73657677,82.51213782,0.432724131,172.8332295
4264316167,0.428478349,169.0245663,0.736411936,78.43733893,0.736451878,78.4197901,0.431870492,169.7396592
4278482333,0.425554534,165.5876465,0.737031395,74.33293411,0.737055751,74.31564254,0.428912623,166.6707737
4292648500,0.420283566,162.2553183,0.738593978,70.22671896,0.738628376,70.21235691,0.423787553,163.5839161
4306814667,0.412041029,158.949462,0.741067783,66.08744639,0.7411012,66.06997369,0.416369552,160.567055
4320980833,0.401209975,155.5526313,0.74416682,61.90446386,0.744216835,61.8894682,0.406541458,157.6618046
4335147000,0.388440203,152.1034111,0.747967597,57.66938755,0.748001956,57.65042592,0.394188291,154.7399248
4349313167,0.373546026,148.7440169,0.752495506,53.38296159,0.752565044,53.36569546,0.379600526,151.7946664
4363479333,0.356152406,145.4374042,0.757464657,49.03036268,0.75753047,49.01046469,0.363423478,148.954241
4377645500,0.33659244,142.0895869,0.762505342,44.62173524,0.762564981,44.60259612,0.34562504,146.2921102
4391811667,0.31537551,138.8070796,0.767716424,40.15036288,0.767796086,40.13013603,0.325599504,143.7950016
4405977833,0.292145487,135.8221973,0.773162378,35.60268363,0.773240577,35.5866853,0.303471182,141.5667826
4420144000,0.266111242,133.1630788,0.778562475,30.97842073,0.778635371,30.95939835,0.279877246,139.7959574
4434310167,0.237442904,130.7588285,0.783696677,26.29330189,0.783766102,26.27594551,0.25466652,138.6507786
4448476333,0.207365229,128.822995,0.788451516,21.5334387,0.788519887,21.51204319,0.22782984,138.2910701
4462642500,0.176669932,127.9601816,0.792650022,16.6993761,0.792739889,16.67983268,0.200756905,139.0569119
4476808667,0.14548331,128.9067331,0.796076902,11.81081541,0.796163038,11.78985323,0.175233095,141.4719982
4490974833,0.114821459,132.8655584,0.798576238,6.885674336,0.798651064,6.867812245,0.152337732,146.3355082
4505141000,0.087902333,142.5662643,0.800039338,1.925927983,0.800109825,1.904841269,0.133978499,154.4745017
4519307167,0.070838952,162.1625314,0.800417663,-3.060525868,0.80047916,-3.080799252,0.123594736,165.8240561
4533473333,0.071721238,-171.3572245,0.799681309,-8.057448583,0.799734429,-8.084745519,0.123933953,178.5427441
4547639500,0.09038831,-151.5699127,0.797798091,-13.04286235,0.797849316,-13.06412022,0.135009871,-170.0282811
4561805667,0.118249723,-141.7688219,0.794778647,-18.00761343,0.794828345,-18.0305663,0.15424315,-161.695073
4575971833,0.149429802,-138.0603613,0.790785197,-22.93975326,0.790836759,-22.96291999,0.178045965,-156.7141767
4590138000,0.181572517,-137.4452646,0.785955828,-27.83027497,0.78599986,-27.85478353,0.203892069,-154.3727908
4604304167,0.213442135,-138.3820452,0.780318853,-32.66063638,0.780368698,-32.68286718,0.2308318,-153.7571461
4618470333,0.244082803,-140.2664953,0.773971158,-37.43053418,0.774022353,-37.45470211,0.257960388,-154.2579
4632636500,0.273249434,-142.7957414,0.767174423,-42.13721161,0.767229298,-42.16010985,0.284093204,-155.5429309
4646802667,0.301153923,-145.6726898,0.760075931,-46.77751887,0.760122581,-46.80382295,0.308909366,-157.398435
4660968833,0.327501902,-148.6785868,0.752767677,-51.3307601,0.752798338,-51.35472488,0.332684059,-159.6112893
4675135000,0.351417525,-151.7942322,0.745512677,-55.79737455,0.745529004,-55.82126136,0.354777932,-162.0389848
4689301167,0.372585622,-155.0319749,0.738590533,-60.1875244,0.73862016,-60.21004006,0.37416062,-164.6277969
4703467333,0.391483172,-158.3560983,0.732096799,-64.51466372,0.732116176,-64.53912799,0.391017923,-167.3952038
4717633500,0.408304123,-161.7111493,0.726013304,-68.76762033,0.726029687,-68.78921968,0.406141145,-170.3066913
4731799667,0.422804817,-165.0962751,0.7204687,-72.95221944,0.720489044,-72.97636395,0.419442859,-173.2843801
4745965833,0.435192283,-168.5044171,0.71550262,-77.09643432,0.715537372,-77.11611906,0.4305226,-176.2872731
4760132000,0.445959637,-171.9133881,0.711049358,-81.20967306,0.71106967,-81.23374359,0.439777469,-179.3460697
4774298167,0.454912799,-175.2564203,0.707319691,-85.25750485,0.707342273,-85.27992823,0.447632358,177.5875818
4788464333,0.461296411,-178.5541139,0.704609348,-89.26446447,0.704650987,-89.28788387,0.45343985,174.5604742
4802630500,0.465069156,178.1594343,0.702874234,-93.25476834,0.702910413,-93.27764853,0.456498123,171.5601663
4816796667,0.466686322,174.8521718,0.701967978,-97.24942872,0.701995731,-97.27350905,0.457244108,168.4996275
4830962833,0.466196897,171.5491388,0.70205352,-101.2322157,0.702093767,-101.2549704,0.45635887,165.3816678
4845129000,0.463459718,168.2448612,0.703176843,-105.225911,0.703188539,-105.2504052,0.453633998,162.2589337
4859295167,0.45877155,164.9358216,0.704961634,-109.246801,0.704972249,-109.2707274,0.448710901,159.1383219
4873461333,0.452529075,161.6337761,0.707255337,-113.3093014,0.707277458,-113.3343855,0.442065939,155.9609804
4887627500,0.444382232,158.40972,0.710329066,-117.3918494,0.710370492,-117.4170851,0.434084871,152.7840707
4901793667,0.433675511,155.2604619,0.714364441,-121.5206153,0.714391764,-121.5441381,0.423924382,149.6928129
4915959833,0.420458102,152.153859,0.719035046,-125.7070277,0.719080423,-125.7309844,0.410782132,146.6701279
4930126000,0.40516469,149.0814728,0.72409683,-129.9629253,0.724143486,-129.9891085,0.395227202,143.6034318
4944292167,0.387702013,146.0970677,0.729680624,-134.2862077,0.729703402,-134.3119183,0.378009999,140.5102604
4958458333,0.367981605,143.2305452,0.73573125,-138.6902031,0.735755356,-138.7135635,0.358838521,137.5305352
4972624500,0.346609115,140.4917155,0.741778751,-143.1645641,0.741818685,-143.190036,0.337328725,134.7007111
4986790667,0.324095787,137.9441088,0.747532748,-147.7090736,0.747579218,-147.7331735,0.314112753,131.9156639
5000956833,0.300071638,135.7931298,0.753179487,-152.3158712,0.753223675,-152.3395238,0.289808455,129.3011082
5015123000,0.274205026,134.2078005,0.758732959,-156.9976933,0.758816491,-157.0205843,0.263945272,127.2372331
5029289167,0.247099998,133.2376885,0.763831507,-161.7459616,0.763914304,-161.7693566,0.235959428,125.9045072
5043455333,0.219584385,133.113658,0.768228891,-166.547879,0.768309347,-166.5738463,0.206465613,125.2710051
5057621500,0.192478313,134.4336575,0.771968956,-171.40495,0.77204728,-171.4277504,0.177034768,125.7208912
5071787667,0.167051034,137.796808,0.774952602,-176.3128358,0.77504229,-176.3353345,0.149149601,128.3515786
5085953833,0.145028332,143.6140529,0.77696917,178.7545068,0.777064305,178.7315654,0.123958269,134.4240736
5100120000,0.129005014,152.3727875,0.777939591,173.8095419,0.778027799,173.785013,0.103663134,145.0179921
5114286167,0.122144763,163.8678955,0.777911645,168.8586965,0.777992382,168.8334155,0.092819084,160.425711
5128452333,0.125586526,175.9947989,0.776937829,163.909946,0.777023712,163.886744,0.095677664,177.384632
5142618500,0.137643077,-173.7476347,0.775015695,158.9799492,0.77509777,158.9548448,0.110838889,-169.1300814
5156784667,0.156071804,-166.6447394,0.772142629,154.0762333,0.772221243,154.0519179,0.133146425,-160.4899737
5170950833,0.178556118,-162.6036447,0.768496771,149.2163048,0.768585369,149.1876107,0.15846176,-155.8899067
5185117000,0.202771669,-160.6850844,0.764320467,144.3998388,0.764395494,144.3741169,0.184657841,-154.2545444
5199283167,0.226996701,-160.1567911,0.759652285,139.6335494,0.759725387,139.6086223,0.210919018,-154.3623616
5213449333,0.25033858,-160.7834564,0.754531453,134.9184883,0.754617171,134.8942919,0.236593212,-155.3247975
5227615500,0.272714782,-162.2647538,0.749123457,130.2655622,0.749197234,130.2366246,0.260821682,-156.8952338
5241781667,0.294383212,-164.1636722,0.743575878,125.665064,0.743647177,125.6386464,0.283263448,-159.0546507
5255947833,0.314576882,-166.2722504,0.737918399,121.1190561,0.73798593,121.0906617,0.304319466,-161.555424
5270114000,0.332309468,-168.6207517,0.732171361,116.6249816,0.732241612,116.5961099,0.324094856,-164.1261129
5284280167,0.347601308,-171.1835117,0.726543117,112.1844077,0.726589965,112.1544103,0.341700895,-166.7342131
5298446333,0.360847984,-173.8158508,0.721046976,107.7908741,0.721092943,107.762893,0.356441247,-169.4416849
5312612500,0.371478762,-176.4004004,0.71545248,103.455837,0.71550417,103.4270833,0.369061025,-172.2010579
5326778667,0.379669228,-178.9009443,0.709552568,99.20939685,0.709602259,99.18335948,0.380695111,-174.9747587
5340944833,0.387669539,178.6556812,0.704003766,95.11280848,0.704024077,95.08349855,0.391386756,-177.8284131
5355111000,0.397225216,176.1000029,0.700276614,91.15740971,0.700301834,91.12978972,0.400480191,179.1354928
5369277167,0.406005659,173.2574295,0.698873128,87.21697444,0.698890107,87.18780689,0.407459682,175.9254343
5383443333,0.411534609,170.1797868,0.698729316,83.19902021,0.698734442,83.17020842,0.412017774,172.6736126
5397609500,0.413942221,166.9849822,0.699169529,79.10735468,0.699169622,79.07757692,0.41365056,169.5247348
5411775667,0.413993268,163.8054363,0.700108263,74.97134052,0.70013073,74.94256063,0.412293872,166.5206707
5425941833,0.411351775,160.6988763,0.701405482,70.82295336,0.701406916,70.79479792,0.40879761,163.5838281
5440108000,0.405970336,157.5720984,0.703101429,66.68059374,0.703107996,66.6543386,0.40391369,160.632663
5454274167,0.398769222,154.3288192,0.705511129,62.51340763,0.705501509,62.48478216,0.397510544,157.6681858
5468440333,0.390248284,151.1022859,0.708612236,58.29021785,0.708616078,58.26433387,0.389236491,154.7253102
5482606500,0.379614466,148.0419044,0.712142342,54.01890875,0.712155599,53.99197526,0.378982451,151.7743571
5496772667,0.366435855,145.1014299,0.715837676,49.70718785,0.715851702,49.6815439,0.366727874,148.8614603
5510938833,0.351227644,142.1484414,0.719608636,45.34303858,0.71960779,45.31571917,0.352481869,146.1514217
5525105000,0.33456174,139.2752664,0.723494857,40.91621795,0.723519847,40.88990382,0.336134892,143.7173385
5539271167,0.316052495,136.6488799,0.727521061,36.4449713,0.727537737,36.41988024,0.317598393,141.491199
5553437333,0.295309413,134.1897078,0.731674146,31.95182995,0.731693054,31.9259632,0.297668104,139.4805812
5567603500,0.27270329,131.7284754,0.736034641,27.42394895,0.736040006,27.39752622,0.277363708,137.7368875
5581769667,0.249011287,129.5206421,0.740588653,22.82500245,0.740591371,22.80028046,0.256317255,136.3421907
5595935833,0.22445073,128.0498596,0.74502475,18.14458978,0.74502233,18.1193163,0.233760361,135.4692375
5610102000,0.198707312,127.569984,0.748934907,13.39893043,0.748929744,13.37513002,0.210351738,135.4077101
5624268167,0.172055893,128.2511357,0.752082364,8.604477009,0.752074258,8.57908569,0.187497203,136.5764463
5638434333,0.146184185,130.7977154,0.754474595,3.765392979,0.754494917,3.738481509,0.165943796,139.5880178
5652600500,0.123130612,136.4213174,0.756037721,-1.119699994,0.756057232,-1.145420805,0.146661232,145.0729953
5666766667,0.104983727,146.3840535,0.75662055,-6.025634761,0.756645628,-6.051030375,0.132088837,153.2102366
5680932833,0.095061718,160.7393334,0.756063052,-10.93430041,0.756095525,-10.95985354,0.124848391,163.2460294
5695099000,0.096627273,176.3488306,0.75428071,-15.82464687,0.754303869,-15.85067509,0.126290131,173.7209725
5709265167,0.108952841,-171.3064551,0.751270958,-20.66051371,0.751280121,-20.68682218,0.135790709,-177.1630833
5723431333,0.128139467,-163.5019029,0.747485904,-25.38699446,0.747496727,-25.41496269,0.150474098,-170.6041915
5737597500,0.150287626,-159.2072439,0.74402084,-30.01072089,0.744009298,-30.03831106,0.167298113,-166.3849458
5751763667,0.172993145,-157.0710333,0.741704658,-34.58809155,0.741725686,-34.61721212,0.185969376,-163.5892062
5765929833,0.195904505,-156.2593754,0.739892243,-39.23891333,0.739894408,-39.26515987,0.20713085,-161.8553733
5780096000,0.219160267,-156.4396164,0.737491372,-43.928066,0.737501945,-43.9544929,0.22935021,-161.2064141
5794262167,0.242092348,-157.4567314,0.734240824,-48.61148367,0.734264783,-48.63901948,0.250980291,-161.5650299
5808428333,0.263840548,-159.1516403,0.730397629,-53.24693131,0.730414402,-53.27515293,0.271755071,-162.7756979
5822594500,0.284106365,-161.3335411,0.726229569,-57.83088947,0.726254889,-57.85960067,0.291680959,-164.5586931
5836760667,0.303026988,-163.8190738,0.721799308,-62.35617502,0.721838155,-62.38602739,0.310106291,-166.6365895
5850926833,0.320525082,-166.5204637,0.717190003,-66.83204849,0.717216833,-66.86007498,0.326707734,-168.9559452
5865093000,0.336285869,-169.3473037,0.712693208,-71.24069077,0.712711111,-71.27030186,0.341831445,-171.5162535
5879259167,0.350066197,-172.2357599,0.708558154,-75.60731825,0.708576083,-75.63502993,0.355549028,-174.201581
5893425333,0.361721355,-175.1777646,0.704719309,-79.91969819,0.704753637,-79.94696385,0.367134898,-176.8700931
5907591500,0.371027595,-178.2070403,0.701231153,-84.18180081,0.701251877,-84.21096622,0.376109792,-179.5706166
5921757667,0.377940474,178.701625,0.698312722,-88.39969857,0.698328706,-88.42875075,0.382683772,177.602263
5935923833,0.382778678,175.5858627,0.696045756,-92.59240875,0.696072815,-92.61881327,0.387367918,174.7095409
5950090000,0.385723139,172.4585692,0.694430819,-96.7424584,0.694464452,-96.766313,0.39022626,171.8919408
5964256167,0.386736138,169.340108,0.69360739,-100.8802156,0.69362198,-100.9061518,0.391250389,169.1247341
5978422333,0.386253905,166.2979512,0.693565439,-105.0289396,0.693586863,-105.0571348,0.390908017,166.3232084
5992588500,0.384200457,163.3085723,0.6940483,-109.2228259,0.694075538,-109.2479865,0.389439,163.5117056
6006754667,0.380044893,160.3170152,0.69499983,-113.4221307,0.694997362,-113.4472908,0.386236963,160.7995736
6020920833,0.373444631,157.3078322,0.696489552,-117.6314286,0.696485223,-117.6614442,0.380546667,158.1544213
6035087000,0.364861171,154.3090249,0.698501935,-121.8758458,0.698496559,-121.9033741,0.372402405,155.4701679
6049253167,0.354478344,151.3152293,0.70087989,-126.1627546,0.700886491,-126.187211,0.36262536,152.7693626
6063419333,0.34205209,148.332998,0.703674541,-130.4746185,0.703681741,-130.4975789,0.351476627,150.1779896
6077585500,0.327799214,145.4055368,0.706835137,-134.8244546,0.706834967,-134.8484505,0.338450911,147.7056139
6091751667,0.312272695,142.591742,0.710170828,-139.2172414,0.710174604,-139.2407649,0.323462288,145.3045524
6105917833,0.295069892,139.9393979,0.71361065,-143.6596069,0.713626536,-143.6825344,0.30722577,143.0543536
6120084000,0.275573962,137.5100924,0.717233445,-148.1496382,0.717260452,-148.1707186,0.289901106,141.1454302
6134250167,0.254037674,135.3458089,0.720978902,-152.686633,0.721003727,-152.7127268,0.270823724,139.7027604
6148416333,0.231210696,133.5088817,0.724608651,-157.2801557,0.724644279,-157.30334,0.249859429,138.7144493
6162582500,0.207213274,132.2119576,0.727969105,-161.928234,0.728033302,-161.9501482,0.228228164,138.2301843
6176748667,0.182164306,131.8200909,0.731002284,-166.6174819,0.731060256,-166.6399583,0.206979416,138.5383971
6190914833,0.156970833,132.7371508,0.733612342,-171.3436586,0.733667129,-171.3676416,0.186183595,140.1170094
6205081000,0.132901828,135.6764409,0.735754617,-176.0879724,0.735805916,-176.1112655,0.166340377,143.4090848
6219247167,0.111414637,142.0035283,0.737525152,179.1397469,0.737585997,179.1157789,0.149442405,148.6833461
6233413333,0.095092392,153.2781836,0.738851632,174.3329112,0.738919922,174.309483,0.13786032,156.0588224
6247579500,0.087636142,169.1365166,0.739543561,169.4925037,0.739615224,169.4670284,0.133191317,165.2145952
6261745667,0.0913665,-174.3112756,0.739411822,164.6368692,0.739492026,164.6125168,0.135766079,174.8674152
6275911833,0.105241722,-161.492865,0.738452487,159.7793377,0.738545275,159.7548855,0.14468376,-176.7307442
6290078000,0.125818393,-153.5859092,0.736736045,154.9305658,0.736853214,154.9076722,0.15867922,-170.5661988
6304244167,0.149400191,-149.4697905,0.734333268,150.106286,0.734451192,150.0770164,0.176626267,-166.6231398
6318410333,0.173950779,-147.7794446,0.731207752,145.3139249,0.731319565,145.2870062,0.19701771,-164.3642139
6332576500,0.19904593,-147.7073045,0.72747464,140.5583631,0.727587662,140.5312058,0.21823235,-163.3961522
6346742667,0.224154071,-148.666303,0.723301539,135.8461003,0.723419373,135.8182724,0.239407209,-163.508769
6360908833,0.248335423,-150.1948927,0.718808612,131.1781578,0.718937832,131.1519028,0.260487683,-164.4474472
6375075000,0.271017854,-152.1037042,0.714041243,126.5678815,0.714157812,126.5394109,0.281079509,-165.8621246
6389241167,0.292092933,-154.3891659,0.709121545,122.0135326,0.709235757,121.9842617,0.300088094,-167.5766647
6403407333,0.311310472,-156.9437511,0.704318489,117.5164118,0.704446184,117.4854632,0.316830157,-169.6233577
6417573500,0.328525746,-159.6150488,0.699694493,113.0562001,0.699829662,113.0254486,0.331727563,-172.010659
6431739667,0.343834954,-162.3702452,0.695099649,108.6548037,0.695219611,108.624788,0.345233663,-174.5745082
6445905833,0.357530373,-165.2529632,0.690616316,104.3140295,0.690737158,104.2833735,0.357050323,-177.2128348
6460072000,0.369570618,-168.1797515,0.686464166,100.0208742,0.686588902,99.99003711,0.366806575,-179.9341849
6474238167,0.380099495,-171.069007,0.682708628,95.76696329,0.682834861,95.7392852,0.375096701,177.2449872
6488404333,0.388683035,-173.9475983,0.679454694,91.5713803,0.679580786,91.54114901,0.382310687,174.4139058
6502570500,0.39498733,-176.856595,0.676977168,87.42586208,0.677107502,87.39164815,0.387688111,171.6062676
6516736667,0.398976471,-179.7596663,0.675367196,83.28059234,0.675474545,83.24919464,0.390406557,168.7238883
6530902833,0.400970262,177.371411,0.674421726,79.12264355,0.674538332,79.08927114,0.390938346,165.7071961
6545069000,0.400971802,174.5218205,0.673987099,74.96912409,0.674078672,74.93607242,0.389863047,162.6329663
6559235167,0.399069515,171.6833185,0.674150013,70.82569358,0.674251504,70.79270147,0.386915404,159.5792194
6573401333,0.395539877,168.8848748,0.6748581,66.66302476,0.674961118,66.62945676,0.381620171,156.4943555
6587567500,0.390634051,166.1748321,0.675955333,62.46807729,0.676055945,62.43503502,0.374666562,153.3509356
6601733667,0.383903604,163.5608912,0.677507692,58.26233233,0.677614097,58.22874545,0.366397473,150.2517505
6615899833,0.375020673,161.0431625,0.679737146,54.04450564,0.679830632,54.00592536,0.355978208,147.2834081
6630066000,0.364191983,158.632713,0.682493088,49.77568281,0.682590903,49.74043539,0.34264771,144.3574107
6644232167,0.351750711,156.3649499,0.685533722,45.44777588,0.685638852,45.40942653,0.327278856,141.3865166
6658398333,0.33765582,154.264451,0.688873596,41.07473052,0.68896616,41.03767653,0.310588974,138.4454656
6672564500,0.321865788,152.3901229,0.692577786,36.65984172,0.692652033,36.62283722,0.292058116,135.6809633
6686730667,0.304894874,150.7946083,0.696389303,32.18407536,0.696476996,32.14708844,0.27115638,133.0659855
6700896833,0.287277513,149.5750926,0.70002183,27.64108926,0.700108469,27.60312402,0.248980901,130.5694484
6715063000,0.268722772,148.8822092,0.703505822,23.04961612,0.703599086,23.01135607,0.226034592,128.4402682
6729229167,0.249309449,148.9332431,0.706936757,18.41188141,0.707045371,18.37008707,0.201612314,127.1010737
6743395333,0.230017194,149.8558791,0.709994036,13.70585281,0.710104221,13.66751316,0.175364724,126.731351
6757561500,0.211829772,151.834004,0.712369568,8.954308121,0.712475545,8.912250443,0.148749015,127.512149
6771727667,0.195736013,155.1678904,0.714030219,4.166264497,0.714108409,4.124431256,0.12338968,130.3046506
6785893833,0.18337714,160.0166412,0.714945356,-0.633640199,0.715020896,-0.675534967,0.100508051,136.8998584
6800060000,0.176399595,165.9015438,0.715062395,-5.424588516,0.71512865,-5.465411488,0.082102476,149.1812968
6814226167,0.175377578,172.0553622,0.714643436,-10.18838571,0.714692408,-10.22748442,0.072208962,167.6784348
6828392333,0.179848444,177.8912211,0.714183578,-14.93578071,0.714232103,-14.9765204,0.075478665,-171.7480101
6842558500,0.188796755,-176.9737659,0.713695947,-19.70019113,0.713758935,-19.74381926,0.092086203,-156.3703905
6856724667,0.201027081,-172.7944324,0.712697504,-24.50101576,0.712750945,-24.54286916,0.116799137,-147.7366196
6870890833,0.216057372,-169.6920736,0.71080955,-29.31617813,0.710857738,-29.35538703,0.144324035,-143.7456681
6885057000,0.233590921,-167.6995324,0.708036263,-34.11132566,0.708087359,-34.1550424,0.172163075,-142.7415398
6899223167,0.252620146,-166.7364832,0.704633963,-38.8659897,0.704676442,-38.91000652,0.199976034,-143.5248011
6913389333,0.271762985,-166.6137181,0.700677996,-43.57788969,0.70071008,-43.61884459,0.22725651,-145.1411131
6927555500,0.290690016,-167.2019453,0.696136283,-48.24268588,0.696153927,-48.28567192,0.252672149,-147.2051801
6941721667,0.30945898,-168.356082,0.691212185,-52.84992553,0.691238736,-52.8953513,0.275979243,-149.7573231
6955887833,0.327637652,-169.8923214,0.686322505,-57.3888668,0.686318124,-57.43467331,0.298166157,-152.6954409
6970054000,0.344322304,-171.6713197,0.681406914,-61.87242905,0.681428164,-61.91436409,0.319397214,-155.680283
6984220167,0.35939207,-173.6925271,0.676413125,-66.29629899,0.676469301,-66.33746235,0.338316416,-158.5855628
6998386333,0.372887701,-175.9500958,0.671620414,-70.65617557,0.671653706,-70.70481372,0.35448953,-161.5730753
7012552500,0.384708156,-178.3528287,0.667362341,-74.96011645,0.667373121,-75.00348418,0.368709607,-164.6957022
7026718667,0.394363309,179.1685282,0.663543438,-79.22166429,0.663563969,-79.26474393,0.381296657,-167.7889058
7040884833,0.402139109,176.5667533,0.659954812,-83.44064405,0.659975991,-83.4867509,0.391395837,-170.8081906
7055051000,0.408366674,173.8427877,0.656766717,-87.62319139,0.656775039,-87.66948084,0.398980709,-173.9083
7069217167,0.413138221,171.1047037,0.654299803,-91.77729697,0.654326472,-91.82426847,0.40516249,-177.1173467
7083383333,0.415970168,168.384956,0.652386536,-95.92174644,0.652405075,-95.96643551,0.410230512,179.7692035
7097549500,0.416835577,165.6182706,0.650814155,-100.0291272,0.650838474,-100.0727731,0.41302491,176.8188375
7111715667,0.415647305,162.791721,0.649831832,-104.1077797,0.649857101,-104.1556576,0.413035721,173.8996174
7125881833,0.412539186,160.0019075,0.649700621,-108.1859086,0.649731416,-108.2305503,0.411097851,170.9592007
7140048000,0.40732543,157.2444254,0.65034755,-112.2700096,0.650372156,-112.3147497,0.407766722,168.1529413
7154214167,0.40029362,154.4422964,0.651708738,-116.3487572,0.65171982,-116.3968411,0.402505359,165.5140432
7168380333,0.391845097,151.6184091,0.653865235,-120.4587507,0.653882648,-120.5060155,0.395115534,162.8654229
7182546500,0.382136178,148.8614934,0.65677385,-124.6321476,0.656778478,-124.6798004,0.386612227,160.1104946
7196712667,0.370484681,146.1269666,0.660020133,-128.8665205,0.660034356,-128.910375,0.377224917,157.4525612
7210878833,0.35655274,143.4093897,0.663621471,-133.1350675,0.663654815,-133.1784645,0.365940894,155.0182511
7225045000,0.340753709,140.7761678,0.66764177,-137.4546873,0.667654073,-137.5048817,0.352011596,152.7543252
7239211167,0.323243384,138.3481543,0.671849659,-141.8468863,0.671877558,-141.8917379,0.336145171,150.5755998
7253377333,0.303404841,136.0818622,0.676133209,-146.2988594,0.676184537,-146.3434831,0.319280647,148.6687646
7267543500,0.281499906,134.0111609,0.680500828,-150.8079608,0.680535331,-150.8547494,0.301074468,147.183447
7281709667,0.258717607,132.2800292,0.684831336,-155.3874853,0.684849125,-155.4357449,0.281078872,146.1371469
7295875833,0.235350596,131.1516345,0.688896753,-160.0301932,0.68891304,-160.0773547,0.260283145,145.5288894
7310042000,0.21079791,130.8331487,0.692564159,-164.7278144,0.692595893,-164.7740527,0.24007601,145.6193615
7324208167,0.185663598,131.619276,0.695784138,-169.4724515,0.69580091,-169.5185988,0.220741779,146.7846711
7338374333,0.161666824,133.9864738,0.698453559,-174.2651671,0.698487792,-174.3137824,0.202270374,149.344146
7352540500,0.140054414,138.8495594,0.700492218,-179.0991437,0.700538117,-179.1469061,0.185938537,153.3626478
7366706667,0.122264163,147.1570885,0.701785044,176.037876,0.701830081,175.9903145,0.17371945,158.7872911
7380872833,0.111330259,158.8800115,0.702265142,171.1552479,0.702296907,171.1085634,0.16700026,165.4314585
7395039000,0.110194696,171.9550584,0.70189967,166.2592993,0.701922512,166.2117666,0.166532522,172.7417063
7409205167,0.119155589,-176.4063073,0.700696882,161.3685188,0.700717232,161.3205306,0.172271821,179.657849
7423371333,0.135986928,-167.7463839,0.698654805,156.4934322,0.698685794,156.4454355,0.183484196,-174.7123709
7437537500,0.157219771,-162.292088,0.695740501,151.6468327,0.695770093,151.5993158,0.199158051,-170.6004401
7451703667,0.180296272,-159.5417705,0.692001946,146.8314535,0.692048283,146.7856854,0.218274734,-167.9034189
7465869833,0.204289176,-158.6775537,0.687577204,142.0725707,0.6876105,142.0197328,0.239286675,-166.4242412
7480036000,0.228597128,-158.92419,0.682513875,137.3805761,0.682537544,137.3311141,0.260765184,-165.9755675
7494202167,0.251331398,-159.8521324,0.67694553,132.7829231,0.676966393,132.731979,0.282027086,-166.3877273
7508368333,0.271590102,-161.3046721,0.671239425,128.2731702,0.671248433,128.2243717,0.30255422,-167.5063239
7522534500,0.290441033,-163.1265863,0.665951324,123.8732111,0.665959311,123.8224435,0.321629245,-169.1304322
7536700667,0.309097775,-165.1177477,0.66146589,119.5541782,0.661474817,119.5042781,0.338621869,-171.0861104
7550866833,0.326871987,-167.2016075,0.657756814,115.2736443,0.657761862,115.2238168,0.353572545,-173.2374059
7565033000,0.343317478,-169.4842219,0.654550448,110.9794859,0.6545586,110.9338543,0.367098357,-175.507062
7579199167,0.358698347,-172.0629472,0.651577235,106.6909375,0.65159661,106.6435095,0.379516765,-177.8259421
7593365333,0.372956494,-174.8045271,0.648795137,102.4290376,0.648827658,102.3843396,0.39051637,179.8311455
7607531500,0.384855958,-177.5673574,0.646291989,98.20636179,0.64630436,98.16080264,0.399632883,177.4190302
7621697667,0.394018776,179.6032746,0.644019696,94.00421132,0.644034249,93.95471475,0.406944002,174.9095461
7635863833,0.401079463,176.6277322,0.642163398,89.82254968,0.64217943,89.77239595,0.412647948,172.3310228
7650030000,0.40660338,173.6239189,0.640975484,85.67029126,0.6409715,85.61888018,0.416670594,169.7271255
7664196167,0.410081572,170.6874966,0.640354901,81.53878091,0.640342234,81.48714678,0.418683561,167.0739495
7678362333,0.411335309,167.7587407,0.640070187,77.40175643,0.640056141,77.35320901,0.419058901,164.3656614
7692528500,0.410728544,164.7658862,0.640252357,73.2656206,0.640248312,73.21479365,0.418113056,161.6625213
7706694667,0.408564268,161.809501,0.641199266,69.12246924,0.641179379,69.07157753,0.415472152,159.0309472
7720860833,0.404301142,158.9599443,0.642781718,64.96407669,0.642781169,64.91591321,0.410371697,156.4232597
7735027000,0.397443817,156.1385619,0.644763436,60.77833051,0.644765147,60.72584274,0.403271039,153.8084522
7749193167,0.388536255,153.2672759,0.647190362,56.55419428,0.647174494,56.50229605,0.394587441,151.197955
7763359333,0.378084308,150.4462336,0.650208233,52.28163639,0.650192751,52.2303969,0.384216196,148.681099
7777525500,0.365896689,147.7547701,0.653583181,47.96065919,0.653586852,47.91113794,0.371489574,146.224829
7791691667,0.351565689,145.1736906,0.657039864,43.5894079,0.657046273,43.53919235,0.357285961,143.8030741
7805857833,0.335489887,142.6514928,0.660554653,39.1721993,0.660540355,39.12028346,0.342028659,141.5082716
7820024000,0.317911255,140.3213838,0.664203655,34.68827728,0.664182558,34.63888495,0.325383433,139.5184278
7834190167,0.29863225,138.3218317,0.667834657,30.14820737,0.667824146,30.09884794,0.306481807,137.8540482
7848356333,0.277179421,136.6741109,0.671159818,25.5622425,0.671132702,25.50878007,0.286086051,136.4633334
7862522500,0.254115888,135.4239366,0.674061209,20.93398384,0.674027255,20.88421107,0.264905811,135.4527638
7876688667,0.230246381,134.8906086,0.676544925,16.27005857,0.676526952,16.22277796,0.243213789,135.1847809
7890854833,0.206288238,135.5043026,0.678634319,11.59646774,0.67858925,11.54905055,0.220700393,135.8949852
7905021000,0.183047421,137.7380785,0.680428833,6.930814095,0.680404618,6.883743234,0.198645635,137.7593876
7919187167,0.162641466,141.9944116,0.682270206,2.25885059,0.682240354,2.212277567,0.179215272,141.1892986
7933353333,0.147343527,148.4360923,0.684170499,-2.463951832,0.68413229,-2.509821795,0.164463755,146.677637
7947519500,0.138180577,156.7565418,0.685720889,-7.251722386,0.685686226,-7.295728698,0.155079423,154.1149358
7961685667,0.13552881,166.2568287,0.68648795,-12.08318543,0.686465765,-12.12535679,0.151763626,162.5212991
7975851833,0.139883751,175.5442959,0.686321832,-16.93316441,0.686293257,-16.97611408,0.155248208,170.6066812
7990018000,0.150746479,-176.7560086,0.685294411,-21.78151507,0.685261917,-21.82315278,0.165511378,177.4223976
8004184167,0.16650799,-171.1149132,0.683448673,-26.61058083,0.683431514,-26.6505427,0.180690903,-177.3313698
8018350333,0.185526083,-167.4132895,0.680832445,-31.40691269,0.68081918,-31.44535906,0.198418116,-173.74476
8032516500,0.206273481,-165.3921323,0.677603693,-36.16593255,0.677604702,-36.20239326,0.217595555,-171.7787048
8046682667,0.227737768,-164.6832677,0.674012575,-40.86978512,0.674008792,-40.90952627,0.238128822,-171.1406449
8060848833,0.249420246,-164.8533354,0.670043861,-45.5319028,0.67005246,-45.56874926,0.259395524,-171.2775043
8075015000,0.270805635,-165.6649924,0.665778385,-50.13457942,0.665791612,-50.1713864,0.279972556,-171.9332131
8089181167,0.291103521,-166.9672186,0.661410551,-54.67835374,0.661405431,-54.72027218,0.299162218,-173.1178688
8103347333,0.310054666,-168.6557987,0.657152572,-59.17027043,0.65715194,-59.2069803,0.31719428,-174.7932573
8117513500,0.327560884,-170.6133593,0.653044053,-63.60760152,0.653052881,-63.64405103,0.334152088,-176.7157379
8131679667,0.343365078,-172.7944059,0.649085952,-67.99559516,0.649091057,-68.03111428,0.349151812,-178.7821998
8145845833,0.357384694,-175.1184959,0.645391746,-72.34283329,0.645379935,-72.37842001,0.362030593,178.9392065
8160012000,0.369762497,-177.5560724,0.642016257,-76.65905251,0.642019387,-76.69631093,0.37337043,176.4257243
8174178167,0.380539287,179.9442769,0.638974094,-80.95180098,0.638996225,-80.98716883,0.383507787,173.8679141
8188344333,0.389544015,177.4118806,0.636238211,-85.21285015,0.636269164,-85.24851735,0.391670773,171.3359728
8202510500,0.396661822,174.8796133,0.633830816,-89.46003225,0.633848805,-89.50120365,0.397467802,168.7701206
8216676667,0.401954422,172.3553038,0.631714304,-93.70753177,0.631751095,-93.74366537,0.401179629,166.1307499
8230842833,0.405254721,169.8586448,0.629862,-97.95544335,0.629914445,-97.99163088,0.403182108,163.5647549
8245009000,0.406746268,167.3961289,0.628023129,-102.2011941,0.628064542,-102.2374436,0.402843426,161.11783
8259175167,0.406936624,165.024393,0.625860989,-106.4369429,0.625928952,-106.4740099,0.400379768,158.7692649
8273341333,0.406514077,162.7510861,0.623286216,-110.6201181,0.623355649,-110.659633,0.39706229,156.5387069
8287507500,0.405830424,160.5274099,0.620543056,-114.6905735,0.620612296,-114.7280774,0.39439627,154.5302195
8301673667,0.405137853,158.2235608,0.618612158,-118.5877553,0.618690714,-118.6226022,0.392637988,152.6078643
8315839833,0.403670986,155.718223,0.618804713,-122.3657507,0.618892054,-122.4065998,0.391150348,150.4573696
8330006000,0.400062568,153.0225946,0.621643468,-126.1716534,0.621722257,-126.208909,0.388431662,147.8816983
8344172167,0.393035118,150.2381023,0.626435995,-130.1157485,0.626542817,-130.1533925,0.38320136,145.0703811
8358338333,0.382816145,147.4737679,0.63215898,-134.2268117,0.632259652,-134.2636497,0.374319417,142.2148329
8372504500,0.370300536,144.8280382,0.638070086,-138.4839654,0.638193539,-138.5229391,0.362093146,139.4075787
8386670667,0.355976608,142.3763338,0.643808266,-142.855595,0.643929088,-142.8928427,0.347503339,136.6590713
8400836833,0.339786864,140.1648807,0.649286236,-147.3121377,0.649418655,-147.3481318,0.331351828,134.1208831
8415003000,0.32220159,138.2274768,0.654458625,-151.8376932,0.654582245,-151.8717222,0.313471728,131.8870962
8429169167,0.303789961,136.6034892,0.659223121,-156.4176543,0.659367785,-156.4559998,0.293921332,130.0181269
8443335333,0.284571532,135.4517718,0.663606767,-161.0552571,0.663765779,-161.0898543,0.273136141,128.5226473
8457501500,0.264363343,134.913734,0.667650499,-165.7380436,0.667797597,-165.7734706,0.251697597,127.5877551
8471667667,0.243882596,135.0343351,0.6712081,-170.4655768,0.671358261,-170.4994005,0.229826608,127.4143968
8485833833,0.224158452,135.8985753,0.674166467,-175.231809,0.674330986,-175.2691772,0.208069523,128.1944552
8500000000,0.205928588,137.8344475,0.676556083,179.9740112,0.676721915,179.9373331,0.18740391,130.1149088
